,ground_truth,domain
AAACAAGTATCTCCCA-1,Pal::GPi,4
AAACACCAATAACTGC-1,MOB::Gl_1,3
AAACAGAGCGACTCCT-1,SS::L2/3,2
AAACAGCTTTCAGAAG-1,MOB::Gr,3
AAACAGGGTCTATATT-1,MOB::Gr,3
AAACATGGTGAGAGGA-1,MOB::Gl_1,3
AAACATTTCCCGGATT-1,Pal::MA,5
AAACCGGGTAGGTACC-1,ORB::L2/3,2
AAACCGTTCGTCCAGG-1,AOE,6
AAACCTAAGCAGCCGG-1,OT::PoL,0
AAACGAAGATGGAGTA-1,MOB::Gl_1,3
AAACGAGACGGTTGAT-1,CPu,0
AAACGGGCGTACGGGT-1,Pal::MA,5
AAACGGTTGCGAACTG-1,AON::L1_1,6
AAACTCGGTTCGCAAT-1,OT::PoL,5
AAACTCGTGATATAAG-1,CC,4
AAACTGCTGGCTCCAA-1,CPu,0
AAACTTAATTGCACGC-1,MOB::Gl_1,3
AAACTTGCAAACGTAT-1,AOB::Gr,3
AAAGAATGTGGACTAA-1,Pal::NDB,5
AAAGGCTACGGACCAT-1,AON::L2,6
AAAGGCTCTCGCGCCG-1,PIR,6
AAAGGGATGTAGCAAG-1,MO::L5,1
AAAGTAGCATTGCTCA-1,AOB::Gr,3
AAAGTGTGATTTATCT-1,CPu,0
AAAGTTGACTCCCGTA-1,St,0
AAATAACCATACGGGA-1,SS::L1,2
AAATAAGGTAGTGCCC-1,SLu,4
AAATACCTATAAGCAT-1,CPu,0
AAATAGCTTAGACTTT-1,Fim,4
AAATAGGGTGCTATTG-1,AcbC,0
AAATCCGATACACGCC-1,Pal::MA,0
AAATCGCGGAAGGAGT-1,MOB::Opl,3
AAATCGTGTACCACAA-1,Cl,1
AAATCTAGCCCTGCTA-1,Pal::Sl,4
AAATGATTCGATCAGC-1,SS::L6,1
AAATGGCCCGTGCCCT-1,MOB::Gr,3
AAATGGTCAATGTGCC-1,MO::L5,1
AAATTAACGGGTAGCT-1,MO::L5,1
AAATTACACGACTCTG-1,SS::L1,2
AAATTACCTATCGATG-1,SS::L6,1
AAATTCCAGGTCCAAA-1,Fim,4
AAATTGATAGTCCTTT-1,Ft,3
AAATTTGCGGGTGTGG-1,ORB::L2/3,2
AACAACTGGTAGTTGC-1,MO::L2/3,2
AACACACGCTCGCCGC-1,Pal::GPi,4
AACACGAGACGCGGCC-1,AOB::Gl,3
AACAGCTGTGTGGCAA-1,MOB::lpl,3
AACAGGATGGGCCGCG-1,MO::L1,2
AACAGGTAGTATGGAT-1,TH::RT,4
AACATATCAACTGGTG-1,SS::L6,1
AACATCGATACGTCTA-1,SS::L5,1
AACATTGTGACTCGAG-1,Io,6
AACCAAGACTTCTCTG-1,FRP::L1,2
AACCCATCCCATGATC-1,MOB::Opl,3
AACCCGAGCAGAATCG-1,HY::LPO,5
AACCCTACTGTCAATA-1,CPu,0
AACCGAGCTTGGTCAT-1,MO::L5,1
AACCGCTAAGGGATGC-1,CPu,0
AACCTCGCTTTAGCCC-1,AcbSh,0
AACCTTTAAATACGGT-1,AcbC,0
AACCTTTACGACGTCT-1,SS::L2/3,2
AACGAAAGTCGTCCCA-1,MOB::Opl,3
AACGATAATGCCGTAG-1,AcbC,0
AACGATATGTCAACTG-1,MO::L5,1
AACGCATGATCTGGGT-1,SS::L5,1
AACGCGGTCTCCAGCC-1,MO::L2/3,1
AACGCTGTTGCTGAAA-1,Pal::Sl,4
AACGGACGTACGTATA-1,CPu,0
AACGGCCATCTCCGGT-1,ORB::L2/3,2
AACGTACTGTGGGTAC-1,ORB::L5,2
AACGTCAGACTAGTGG-1,MO::L1,2
AACGTCGCTGCACTTC-1,OT::Ml,5
AACGTGCGAAAGTCTC-1,CPu,0
AACTACCCGTTTGTCA-1,TH::RT,4
AACTAGGCTTGGGTGT-1,AcbC,6
AACTCAAGTTAATTGC-1,MO::L5,1
AACTCCAGAGCGTGTT-1,Pal::Sl,0
AACTCCTAATCCCATG-1,SS::L1,2
AACTCTCAATAGAGCG-1,CPu,0
AACTCTCAGTGTGCTC-1,AOE,6
AACTGGGTCCCGACGT-1,MO::L2/3,2
AACTTGCCCGTATGCA-1,MO::L1,2
AAGACATACGTGGTTT-1,Pal::NDB,5
AAGACCAAATAACTCA-1,MOB::Gl_1,3
AAGACCCAACTGAACA-1,AON::L2,6
AAGACTGCAAGCTACT-1,CC,4
AAGAGCTCTTTATCGG-1,CPu,0
AAGAGGATGTACGCGA-1,FRP::L2/3,2
AAGAGGCATGGATCGC-1,CPu,0
AAGAGGCCCTTTGGAA-1,HY::LPO,5
AAGATGGCACCGGACC-1,AOE,4
AAGATTGGCGGAACGT-1,SS::L5,1
AAGCACCCTGCGTATC-1,AcbC,0
AAGCATACTCTCCTGA-1,AcbC,0
AAGCCGAAGCGGTTTA-1,TH::RT,4
AAGCGCAGGGCTTTGA-1,OT::PoL,5
AAGCGTCCCTCATCGA-1,Ft,3
AAGCTAGATCGAGTAA-1,CPu,0
AAGCTCGTGCCAAGTC-1,CPu,0
AAGCTCTTTCATGGTG-1,AcbC,0
AAGGAGCGGTTGGTGC-1,MO::L2/3,2
AAGGATCGATCGCTTG-1,Fim,4
AAGGATGAGGGACCTC-1,MO::L6,1
AAGGCGCGTAAAGCTT-1,MO::L1,2
AAGGCTGTGCTCATCG-1,MO::L2/3,1
AAGGGAACGACTGGCT-1,MOB::Gl_1,3
AAGGGACAGATTCTGT-1,SS::L6,1
AAGGGACTATGCATTC-1,MOB::Opl,3
AAGGGTTTGATTTCAG-1,MOB::Gl_1,3
AAGGTATCCTAATATA-1,MO::L5,1
AAGGTGATAAACCAGC-1,CPu,0
AAGTAGTGACGCGAGG-1,MO::L2/3,2
AAGTCAATTGTCGTCA-1,St,4
AAGTCTTCTGTGGCCT-1,MOB::Gl_2,3
AAGTGACGACCGAATT-1,ORB::L2/3,2
AAGTGAGTCGGGTTTA-1,AON::L1_1,6
AAGTGCCTTGACTGTA-1,St,4
AAGTGCGTTAGAATCT-1,AOB::Ml,3
AAGTGTTTGGAGACGG-1,CPu,0
AAGTTCACTCCAAGCT-1,AcbC,0
AAGTTCAGTCTGCGTA-1,SS::L5,1
AAGTTCGGCCAACAGG-1,ORB::L2/3,2
AAGTTGTGATGTTATA-1,Pal::NDB,5
AAGTTTATGGGCCCAA-1,OT::PoL,5
AATAACAACGCTCGGC-1,MO::L2/3,2
AATAACACTAGAACAA-1,AOE,6
AATACCTGATGTGAAC-1,OT::Ml,5
AATAGAACAGAGTGGC-1,ORB::L1,6
AATAGAATCTGTTTCA-1,CPu,0
AATAGCTACCGCGTGC-1,SS::L5,1
AATAGTCCGTCCCGAC-1,En,6
AATATCCTAGCAAACT-1,MOB::Gr,3
AATATCGAATCAATGC-1,TH::RT,4
AATATCGAGGGTTCTC-1,CC,1
AATATTGGAGTATTGA-1,FRP::L1,2
AATCATGTAAAGACTC-1,Pal::Sl,4
AATCGCCTCAGCGCCA-1,CPu,0
AATCGCGCAGAGGACT-1,TH::RT,4
AATCGGTATAGCCCTC-1,Pal::NDB,5
AATCGTGAGCCGAGCA-1,OT::PoL,5
AATCTAGGTTTACTTG-1,MOB::Gr,3
AATCTATGCCGGAGCC-1,Or,4
AATCTCTACTGTGGTT-1,MOB::Gl_2,3
AATCTGCGTTGGGACG-1,CPu,4
AATCTGGCTTTCTAGT-1,MOB::Gr,3
AATGACAGCAATGTCT-1,ORB::L1,3
AATGACGTAGGATGTC-1,CPu,0
AATGACTGTCAGCCGG-1,MO::L2/3,2
AATGATGATACGCTAT-1,SS::L5,1
AATGATGCGACTCCTG-1,SS::L6,1
AATGCAACCGGGTACC-1,MO::L5,2
AATGCACCAAGCAATG-1,SS::L5,1
AATGTGCCCGAGGTGT-1,MOB::Gr,3
AATGTTGTCGTGAGAC-1,Pal::NDB,5
AATTAAAGGTCGGCGT-1,MO::L6,1
AATTAACGGATTTCCA-1,AcbC,0
AATTACGAGACCCATC-1,MOB::Gl_1,3
AATTAGCGCTGCAGCG-1,Cl,0
AATTCATAAGGGATCT-1,SS::L5,1
AATTCATTGTCATGCA-1,MOB::Gl_1,3
AATTCCAAGCATGTAC-1,AON::L1_1,6
AATTCGATTCGAGGAT-1,OT::PoL,5
AATTCTAGAGTTAGGC-1,Cl,0
AATTGAACGCTCTGGT-1,CPu,0
AATTGCAGCAATCGAC-1,Pal::MA,5
AATTTGGGACATAGTA-1,SS::L1,2
ACAAACCATGCGTCCT-1,MOB::Gl_1,3
ACAAAGAAGGTAGGCC-1,MOB::Gr,3
ACAAAGCATGACCTAG-1,Pal::MA,5
ACAAATCGCACCGAAT-1,CPu,0
ACAAATGGTAGTGTTT-1,CPu,0
ACAACAGCATGAGCTA-1,MO::L6,1
ACAAGCAGTGCCTAGC-1,MO::L1,2
ACAAGGAAATCCGCCC-1,CPu,0
ACAAGGACAAGAGGTT-1,MO::L2/3,2
ACAAGGATGCTTTAGG-1,Pal::Sl,0
ACAAGGGCAGGCTCTG-1,CPu,0
ACAATAGTCGTACGTT-1,AOB::Gr,3
ACAATCCATTTAAACC-1,MO::L2/3,2
ACAATGAATACGGAGA-1,MOB::lpl,3
ACAATTGTGTCTCTTT-1,Pal::GPi,4
ACAATTTGAGCAGTGG-1,MO::L6,1
ACACAAAGACGGGTGG-1,MO::L2/3,2
ACACACCAGGACCAGT-1,CPu,0
ACACATGATCAAATCT-1,MOB::Gl_1,3
ACACCCAGCATGCAGC-1,MO::L2/3,2
ACACCTTAAGTAGGGC-1,MO::L2/3,2
ACACCTTACTACTTGC-1,TH::RT,4
ACACGAGACTCCTTCT-1,MO::L6,1
ACACGGGAACTTAGGG-1,MO::L5,1
ACACGTAGGCCACAAG-1,HY::LPO,5
ACACTGATCAAGGTGT-1,PIR,6
ACAGAACTGAGAACAA-1,MOB::Gr,3
ACAGCGACATTCTCAT-1,Pal::Sl,4
ACAGGCACGGATCCTT-1,Pal::NDB,5
ACAGGCTTGCCCGACT-1,AcbC,0
ACAGGTGGAGGTGAGG-1,ORB::L1,6
ACAGTAATACAACTTG-1,MOB::Gr,3
ACATAAGTCGTGGTGA-1,MOB::Gl_1,3
ACATAATAAGGCGGTG-1,MO::L2/3,2
ACATCCCGGCCATACG-1,En,6
ACATCCTGGTAACTGT-1,St,4
ACATCGATCGTTTACC-1,CPu,0
ACATCGGTCAGCCGCG-1,ORB::L5,1
ACATCGTATGCAATGG-1,CPu,0
ACATGGCGCCAAAGTA-1,St,4
ACATTAGTTTATATCC-1,Cl,0
ACATTTGAAACCTAAC-1,OT::Ml,5
ACCAAACACCCAGCGA-1,SS::L5,1
ACCAACACCACACACT-1,SS::L5,1
ACCAACCGCACTCCAC-1,Pal::MA,5
ACCAACGCTTATTTAT-1,PIR,6
ACCAAGTCATCGGCAG-1,Pal::NDB,5
ACCAATATGCAAGTTA-1,AcbC,0
ACCACAAGTTTCTATC-1,MO::L5,1
ACCACCAATGTAACAA-1,St,4
ACCACGTGCAGCTATA-1,CPu,0
ACCAGACCATAACAAC-1,MOB::Gl_2,3
ACCAGTGCGGGAGACG-1,Pal::GPi,0
ACCATATCCGCAATAA-1,MO::L6,1
ACCATCCGCCAACTAG-1,MOB::Gr,3
ACCATCGTATATGGTA-1,ORB::L6,1
ACCCAACGCCCGTGGC-1,CC,1
ACCCATCTTGAGGGTA-1,MO::L5,1
ACCCATTTGTCCCTCT-1,Pal::Sl,5
ACCCGGAAACTCCCAG-1,AcbC,0
ACCCGGATGACGCATC-1,CPu,4
ACCCGGTTACACTTCC-1,ORB::L6,1
ACCCGTGTCATCAGTA-1,AON::L1_2,6
ACCCTATGCCATATCG-1,AOE,6
ACCCTCCCGTCAGGGC-1,Pal::NDB,5
ACCCTCCCTTGCTATT-1,CPu,0
ACCCTGGTAACGCCCT-1,SS::L6,1
ACCGAAGAGTCTGGTT-1,MOB::Opl,3
ACCGACACATCTCCCA-1,AcbSh,6
ACCGACTGAGTCCCAC-1,MO::L5,1
ACCGAGTCTCCTTATT-1,OT::Pl,5
ACCGATGGTAGCATCG-1,CPu,0
ACCGCAATAACTGCCT-1,CPu,0
ACCGCGGTGGAAGTCG-1,St,4
ACCGGGCCTTTGTTGA-1,Pal::GPi,4
ACCGGTCAGGTACACC-1,MOB::Gl_1,3
ACCGTCCACTGGGCCC-1,MOB::Gl_1,3
ACCTAAGTACCTTTCA-1,Ft,3
ACCTAATCGACTTCCT-1,MO::L2/3,2
ACCTACAGTATGTGGT-1,TH::RT,4
ACCTACTATAAATCTA-1,Io,3
ACCTCCGCCCTCGCTG-1,Pal::Sl,4
ACCTCCGTTATTCACC-1,Or,4
ACCTGCGTGTCATGTT-1,AOB::Gr,3
ACGAAATGGGCGGCAC-1,MO::L1,2
ACGACTCTAGGGCCGA-1,OT::Ml,5
ACGAGGATACCACTCT-1,MOB::Gr,3
ACGAGGTTTACAACGT-1,MOB::Opl,3
ACGAGTACGGATGCCC-1,CC,4
ACGATACATAGAACTA-1,MO::L5,1
ACGATCATACATAGAG-1,MO::L5,1
ACGATCATCTTGTAAA-1,CPu,4
ACGATGCATATGTTAT-1,MO::L5,1
ACGCAAACTAATAGAT-1,Io,6
ACGCAATCACTACAGC-1,CC,4
ACGCATACGTTTACTA-1,Pal::Sl,4
ACGCATTCGTGAGTAC-1,MO::L5,1
ACGCCAGATGATTTCT-1,MO::L2/3,2
ACGCCAGTGCGTTTGC-1,OT::Pl,5
ACGCCGCTAGACGACC-1,CPu,0
ACGCGAAGTCAGACGA-1,Cl,1
ACGCGCTACACAGGGT-1,FRP::L2/3,2
ACGCGGGCCAAGGACA-1,MO::L6,1
ACGCTAGTGATACACT-1,CC,4
ACGCTGTGAGGCGTAG-1,MOB::Opl,3
ACGGAACACGAGTGCC-1,OT::Ml,5
ACGGACTCTCAAAGCG-1,AcbSh,0
ACGGAGCGCAAATTAC-1,SS::L5,1
ACGGATGGTGCGGATA-1,AcbC,0
ACGGCACTTGCTTGGG-1,PIR,1
ACGGCCAACATGGACT-1,PIR,6
ACGGCGACGATGGGAA-1,CPu,0
ACGGCTGGATGTAGAA-1,MOB::Gl_1,3
ACGGGAGTGTCGGCCC-1,AOB::Gl,3
ACGGTACAGTTCAATG-1,OT::Pl,5
ACGTAGATTGCTGATG-1,MO::L6,1
ACGTAGGAGAGTCGCT-1,OT::Pl,5
ACGTATTACTCCGATC-1,St,0
ACGTCTCGTTCCGGGA-1,MOB::Gr,3
ACGTGACAAAGTAAGT-1,MOB::Gr,3
ACGTGCGCCTCGTGCA-1,MO::L1,2
ACGTTAATGTCGAAGA-1,CPu,0
ACGTTAGATTTGCCCG-1,MO::L5,1
ACGTTCGCAATCAATT-1,Py,4
ACGTTCGTTCAGGAAA-1,AON::L1_1,6
ACGTTCTGTACAAGTC-1,Pal::MA,5
ACTACATCCCGACAAG-1,MOB::Gl_1,3
ACTACCAGCTCTCTGG-1,MO::L2/3,2
ACTACGCGTTAGAATT-1,AON::L1_2,6
ACTAGTTGCGATCGTC-1,TH::RT,4
ACTATATGCTGTGTTC-1,SS::L2/3,2
ACTATCCAGGGCATGG-1,Fim,4
ACTATCTGCCCGCGTA-1,TH::RT,4
ACTATTTCCGGGCCCA-1,AON::L1_1,6
ACTCAAGTGCAAGGCT-1,Pal::Sl,0
ACTCAATAAAGGCACG-1,MO::L5,1
ACTCCCATTCCTAAAG-1,AOB::Gr,3
ACTCCCGAATTCGTTT-1,LV,4
ACTCCCTAATGCTAAA-1,AcbC,0
ACTCCCTAGAATAGTA-1,CPu,0
ACTCCGGCCGACCACT-1,OT::Ml,5
ACTCGCCGTTCGATAA-1,Pal::NDB,5
ACTCGTAACCCGTCCT-1,AOB::Gr,3
ACTCGTCAGTAATCCC-1,CPu,0
ACTCTCTGACTTAGGT-1,CPu,0
ACTCTGACCTAATAGA-1,Pal::NDB,5
ACTCTTGTATAGTAAC-1,CPu,4
ACTGAAACGCCGTTAG-1,Pal::Sl,0
ACTGAATGGCGAAAGT-1,CPu,0
ACTGCCGTCGTAACTC-1,MO::L1,2
ACTGCTCGGAAGGATG-1,MOB::lpl,3
ACTGTACGATACACAT-1,MO::L6,1
ACTGTAGCACTTTGGA-1,MO::L2/3,2
ACTGTCCAGGATTATA-1,MO::L5,1
ACTGTCTTCTTTAGAA-1,MO::L5,1
ACTTACGCATCCACGC-1,AcbC,0
ACTTATACTTACCCGG-1,CPu,0
ACTTATTAGGATCGGT-1,MO::L6,1
ACTTATTTATGTGCCA-1,CPu,0
ACTTCAGGCTGATCCC-1,CPu,0
ACTTCCAGTGGAAGCT-1,MOB::Opl,3
ACTTCCATGCGGGACA-1,Pal::MA,0
ACTTCGCCATACGCAC-1,MO::L5,1
ACTTGACTCCCTCTTT-1,CPu,0
ACTTGGGACCCGGTGG-1,MO::L2/3,1
ACTTGTAGTCCCTTCA-1,MOB::Gr,3
ACTTGTGGATGGAACG-1,TH::RT,4
ACTTTACCCTCATGAA-1,LV,4
ACTTTCCTATAGCTTC-1,MO::L5,1
ACTTTGACTGCATCCT-1,MOB::Opl,3
ACTTTGGTCGTGCTCC-1,MOB::Gl_1,3
AGAACCCTCAATTGGG-1,MOB::Gl_1,3
AGAACGTGGTACATTC-1,MO::L5,1
AGAAGAGCGCCGTTCC-1,CPu,0
AGAAGGTACACTTCAC-1,MOB::Gr,3
AGAAGGTTGCCGAATT-1,ORB::L6,1
AGAAGGTTGTAGGTCG-1,AcbSh,0
AGAAGTGATTCGTGAT-1,AOB::Gl,3
AGAATGCGGGTTCGGA-1,SS::L1,2
AGAATTATGGATTCGA-1,CPu,4
AGACCAAACCACACCT-1,MOB::Gr,3
AGACCCACCGCTGATC-1,Cl,0
AGACCCGCCCTCCTCG-1,MO::L5,1
AGACCGCTCCGCGGTT-1,TH::RT,4
AGACCGGGAAACCCTG-1,MOB::Opl,3
AGACGAAGTGCCGGTC-1,Pal::GPi,4
AGACGACGATGCCGCT-1,Ft,3
AGACTAGCCTTCCAGA-1,MO::L2/3,2
AGAGAACCGTCTAGGA-1,SS::L5,1
AGAGAAGGAGTACAAT-1,Ft,3
AGAGATCTCTAAAGCG-1,MOB::Opl,3
AGAGCCGCCGAGATTT-1,HY::LPO,5
AGAGGCTTCGGAAACC-1,Pal::GPi,4
AGAGTAAACTTCACTA-1,TH::RT,4
AGATAACTTCAGGGCC-1,MO::L2/3,1
AGATACCAATAGAACC-1,Pal::MA,5
AGATACCGGTGTTCAC-1,ORB::L5,1
AGATACTCAAGATCGA-1,CPu,0
AGATATAATACGACTA-1,AcbSh,5
AGATCGTGCATAAGAT-1,SS::L5,1
AGATCTCAGGTGTGAT-1,MO::L6,1
AGATGACTCGCCCACG-1,MO::L2/3,2
AGATGAGGGTTGCGAT-1,SS::L2/3,2
AGATGATGGAGTCTGG-1,LV,4
AGATGCAAGACGTGCA-1,MOB::Opl,3
AGATGCATCCTGTGTC-1,MOB::Gr,3
AGATTATAGGACGTTT-1,MO::L5,1
AGATTCACAACCGATA-1,MOB::Gr,3
AGCAAAGGCCGCTAGT-1,AcbSh,0
AGCAACATATCTTATT-1,CPu,0
AGCAACCGAAAGTAAT-1,MOB::Opl,3
AGCACCAGTACTCACG-1,MO::L5,1
AGCACTACCTCACCAG-1,AcbC,0
AGCACTTAAGGACGCC-1,MO::L2/3,2
AGCAGAAGGAGAAAGA-1,AcbSh,6
AGCAGCCAGATGAATA-1,En,6
AGCATATCAATATGCT-1,Pal::GPi,4
AGCATCATTTCGAAAG-1,MOB::Gr,3
AGCATCGTCGATAATT-1,MO::L2/3,2
AGCATTACGAGGCAAG-1,Pal::NDB,5
AGCCAAGCTTTGTGTC-1,AON::L2,6
AGCCACAGGTTACCCG-1,Pal::MA,0
AGCCACTCCCGTGCTT-1,MO::L5,1
AGCCCATACATGTAAG-1,ORB::L2/3,2
AGCCCGCACTACAATG-1,OT::Ml,5
AGCCCGGTAGCCTGTA-1,AON::L1_1,6
AGCCCTTCTAATCCGA-1,SS::L5,1
AGCCGTGGCTAAATGT-1,MOB::Gr,3
AGCCTAATACCCACGT-1,MOB::Gr,3
AGCGACAGGAACGGTC-1,ORB::L1,3
AGCGACCAACGATATT-1,MO::L2/3,2
AGCGATGCGCCTAATA-1,Pal::MA,5
AGCGCATAATGAATCG-1,AON::L1_2,6
AGCGCGGGTGCCAATG-1,SS::L5,1
AGCGGACACTTCGTAG-1,En,6
AGCGGCGGTTAGCGGT-1,MOB::Gr,3
AGCGGGTCTGACACTC-1,AON::L2,6
AGCGTGGTATTCTACT-1,CPu,0
AGCTAAGTACGCAGGC-1,Pal::MA,0
AGCTAGAAGCAGAAGT-1,SS::L5,1
AGCTATTTAATCCAAC-1,MO::L1,2
AGCTCCATATATGTTC-1,HY::LPO,4
AGCTCCTTCGCACATC-1,AcbC,0
AGCTCTAGACGTTCCA-1,CPu,0
AGCTCTTCCCAGTGCA-1,SS::L2/3,2
AGCTCTTCGTAACCTT-1,Fim,4
AGCTCTTTACTCAGTT-1,ORB::L6,1
AGCTGAAGTAAACCAA-1,SS::L2/3,2
AGCTGTAACCTCAATC-1,MOB::Gr,3
AGCTTCTTCTCGAGCA-1,Pal::NDB,5
AGCTTGATCTTAACTT-1,ORB::L1,2
AGGAAGCTGTCCGCCG-1,AcbSh,6
AGGACAGTCGAATCCC-1,CPu,0
AGGACGACCCATTAGA-1,ORB::L6,1
AGGACGCTCGATGTTG-1,SS::L5,1
AGGAGGCCTTCGCGCG-1,Pal::GPi,4
AGGATAAAGTCGGGAT-1,AcbC,0
AGGATATAGGGATTTA-1,CPu,0
AGGATATCCGACTGCA-1,OT::Pl,5
AGGATCACGCGATCTG-1,MOB::Gr,3
AGGCAGATGCGTAAAC-1,MO::L5,1
AGGCAGGGAGCGTACT-1,AON::L2,6
AGGCATTGTCGTAGGG-1,Pal::GPi,4
AGGCCACCCGTTATGA-1,MO::L2/3,2
AGGCCCTAGAACGCCA-1,AOB::Gl,3
AGGCCTGAGAATCTCG-1,Pal::MA,0
AGGCGGTTTGTCCCGC-1,MOB::Gl_1,3
AGGCGTCTATGGACGG-1,SS::L5,1
AGGCTTCCCGAAGAAG-1,ORB::L2/3,2
AGGGAAACGAGGTACT-1,SS::L1,2
AGGGACCGGCTGCGTT-1,Fim,4
AGGGACTCTACGCGAC-1,PIR,6
AGGGAGACATACTTCG-1,SLu,4
AGGGCGAGCAGCTGAT-1,AOB::Gl,3
AGGGCTGCAGTTACAG-1,CC,1
AGGGTCAGTAACCCTA-1,SS::L2/3,2
AGGGTCGATGCGAACT-1,CPu,0
AGGGTGCTCTCGAGGG-1,CPu,0
AGGGTTCCCTTTGGTT-1,CC,1
AGGGTTTAGTTCGGGA-1,MO::L6,1
AGGTAGGTACAAAGCT-1,MO::L2/3,2
AGGTATAATTGATAGT-1,Fim,4
AGGTCAGGTGAGAGTG-1,AOB::Gr,3
AGGTCGCGGAGTTACT-1,CC,1
AGGTGCACGTCCACAT-1,Pal::NDB,5
AGGTGGTGACCTTCGC-1,AON::L1_1,6
AGGTTACACCATGCCG-1,TH::RT,4
AGGTTGAGGCACGCTT-1,MO::L5,1
AGGTTTCACACACCTT-1,CPu,0
AGTAACTATAGCAGCC-1,Pal::NDB,5
AGTACAGAAGCTTATA-1,OT::Ml,5
AGTACATCATTTATCA-1,Or,4
AGTACGGGCACCTGGC-1,MO::L5,1
AGTACTCTTATGCCCA-1,AcbC,0
AGTAGGAAGGAAGTTG-1,SS::L2/3,1
AGTATGCTGGAGACCA-1,MOB::Opl,3
AGTATTTGGCACGACC-1,AON::L1_2,6
AGTCAACACCACCATC-1,ORB::L6,1
AGTCAAGATGACACTT-1,CPu,0
AGTCACTAGCTCTCGA-1,Pal::Sl,4
AGTCCATTGGCTGATG-1,St,4
AGTCCCGCCTTTAATT-1,SS::L2/3,1
AGTCGACGGTCTCAAG-1,CPu,0
AGTCGGCCCAAACGAC-1,MO::L1,2
AGTCGGCTCAACTTTA-1,AOB::Gl,3
AGTCGGTTGCGTGAGA-1,Fim,4
AGTCGTATAAAGCAGA-1,OT::PoL,0
AGTCGTCGACCACCAA-1,Pal::Sl,0
AGTCGTGGGCATTACG-1,Ft,3
AGTCTAAAGTATACTC-1,Py,4
AGTCTCACAAGACTAC-1,AOB::Gr,3
AGTCTTCTCCTCAAAT-1,MO::L5,1
AGTCTTTAAAGTGTCC-1,OT::PoL,5
AGTGAACAAACTTCTC-1,St,4
AGTGACCTACTTTACG-1,Cl,1
AGTGAGACTTCCAGTA-1,CPu,0
AGTGAGCCTCGCCGCC-1,CC,4
AGTGAGTCGAATTAAC-1,Pal::NDB,5
AGTGATAACCTGCGCG-1,Pal::Sl,0
AGTGATATGAGTAGTT-1,ORB::L6,1
AGTGATTCAAGCAGGA-1,CPu,0
AGTGCACGCTTAAGAA-1,Pal::GPi,4
AGTGCGTAGCTCGTAA-1,ORB::L5,1
AGTGCTAAACACAGCA-1,Pal::Sl,0
AGTGCTTGCACGAATA-1,CPu,0
AGTGGCCCGCAAATGG-1,OT::Ml,5
AGTGGCGGCAATTTGA-1,SS::L5,1
AGTGGCGTCTGAAGGT-1,Pal::MA,0
AGTGGCTCCGTCGGCC-1,MOB::Opl,3
AGTGGTGTTACCCGTG-1,MOB::Gr,3
AGTGTATTGCGCATTG-1,SS::L2/3,1
AGTTAAACACTTGCGA-1,MO::L5,1
AGTTAAGCGGTCCCGG-1,SS::L1,2
AGTTAAGTCAACCGCT-1,MOB::Gr,3
AGTTACTCTATCGTGG-1,SS::L2/3,2
AGTTCCTACAGAATTA-1,MO::L5,1
AGTTCCTATTTATGTT-1,CPu,0
AGTTGACGGTCCTTGC-1,AON::L2,6
AGTTGGCAAGGCTAGA-1,Pal::NDB,5
AGTTTGCACCTGCCTC-1,AcbC,0
AGTTTGGCACGGGTTG-1,Pal::GPi,4
AGTTTGGCCAGACCTA-1,ORB::L2/3,2
ATAAACGGACCCGTAA-1,CC,0
ATAAACGTTGCACCAC-1,Pal::Sl,4
ATAAAGGCTCGGTCGT-1,MO::L5,1
ATAAATATTAGCAGCT-1,FRP::L2/3,2
ATAACGCCGGAGGGTC-1,CPu,0
ATAACGGAGTCCAACG-1,MO::L5,1
ATAAGGTGGAGAACAT-1,CPu,0
ATAAGTAGGATTCAGA-1,CC,4
ATAAGTAGGGCGACTC-1,Fim,4
ATAAGTTACCGCGACG-1,ORB::L6,1
ATAATAGCTGTTGAAT-1,CC,0
ATAATCTTGGAGAACC-1,AcbSh,0
ATAATTAGCTAAGTAG-1,AON::L2,6
ATACAGGCCCTCCAAT-1,AcbC,0
ATACCACGGGCAACTT-1,MO::L2/3,2
ATACCGTCATCCATAA-1,SS::L2/3,1
ATACCTAACCAAGAAA-1,AcbSh,0
ATACGCCGGCGAAACC-1,CPu,0
ATACGGAACGTCGTTT-1,MOB::MI,3
ATACGGGTTTCGATTG-1,MO::L5,1
ATACGTACTTAGCCAC-1,AcbC,0
ATACGTCCACTCCTGT-1,CPu,0
ATACGTTATGCACGGA-1,En,6
ATACTACCCGTACCAC-1,Pal::Sl,5
ATACTAGCATGACCCT-1,MO::L2/3,2
ATACTGCCTTACACCG-1,AcbC,0
ATAGACAACGGGACCT-1,SS::L6,1
ATAGACGAAGAGAAAG-1,MO::L5,1
ATAGAGTACTGGGACA-1,MO::L2/3,2
ATAGAGTTATCAACTT-1,SS::L6,1
ATAGCAACTAGGGAAG-1,Pal::MA,5
ATAGCCATAACAGTCA-1,OT::Pl,5
ATAGGCGGCTATAGAA-1,ORB::L5,2
ATAGGCTAGCTTCGCA-1,SS::L6,1
ATAGGGATATCCTTGA-1,MO::L2/3,2
ATAGGTTGGGCAGATG-1,MO::L5,1
ATAGTGAAGCGTTCTC-1,CC,4
ATAGTTCCACCCACTC-1,CPu,4
ATATAAAGCGCTCGTG-1,AcbC,0
ATATAAATGTAGCTGC-1,AcbC,0
ATATAACACGGGCGCA-1,Pal::MA,5
ATATACATGTATGGTA-1,MOB::Gr,3
ATATACGCTCGTGACG-1,HY::LPO,5
ATATAGAGTATTGGTC-1,MOB::Gl_1,3
ATATCAACCTACAGAG-1,Fim,4
ATATCAATTCCAGCCT-1,MOB::Opl,3
ATATCGGTAGGGAGAT-1,Fim,4
ATATCGTTCCTCGAAC-1,Pal::Sl,0
ATATCTCCCTCGTTAA-1,SS::L2/3,2
ATATCTTAGGGCCTTC-1,MO::L6,1
ATATGTCTCCCTAGCC-1,CPu,0
ATATTCAGTTAAACCT-1,ORB::L5,1
ATATTCCACATAGTGA-1,CPu,0
ATATTTAACCCTCAAG-1,MO::L5,1
ATCAAACACTGTTCCA-1,TH::RT,4
ATCAAACGAAGGTTTG-1,ORB::L1,2
ATCAATCTGGGCTGCA-1,MO::L6,1
ATCAATGCCGTGGCTG-1,MOB::Gl_1,3
ATCACATTAGAATATC-1,SS::L2/3,2
ATCACGTGCTAATTAA-1,ORB::L2/3,2
ATCACTTCATCCTCGC-1,MO::L2/3,2
ATCAGACGGCACGCCG-1,ORB::L5,1
ATCAGCCTCATGCTGC-1,AcbC,0
ATCAGCTCGTCCACTA-1,MOB::Gr,3
ATCAGTAGGCAGGGAT-1,SS::L5,1
ATCATAGCCCTATGTA-1,Pal::MA,5
ATCATCCAATATTTGT-1,CC,4
ATCATTGTACCGCATT-1,MOB::Gl_1,3
ATCCAACGCAGTCATA-1,MO::L1,2
ATCCAATGGAGGGTCC-1,ORB::L2/3,2
ATCCACATCGACAGAA-1,AcbSh,0
ATCCAGAGCAACAACC-1,PIR,6
ATCCAGGATTCGTGAA-1,MO::L6,1
ATCCCATCCACAGCGC-1,MOB::Gl_1,3
ATCCTACCTAAGCTCT-1,ORB::L6,1
ATCCTGAATCGCTGCG-1,FRP::L2/3,2
ATCCTGCGTGGAATGG-1,ORB::L6,1
ATCGACCCAATACAGA-1,CPu,0
ATCGACTCTTTCCGTT-1,MO::L2/3,2
ATCGCACGCCGGGAGA-1,MO::L5,2
ATCGCCAGTCAACATT-1,St,4
ATCGCTGCGTGCAGCA-1,SS::L6,1
ATCGGAGACAGACGGC-1,AcbC,0
ATCGGCAAGCAGTCCA-1,SS::L5,1
ATCGTTAGCTAGCGGA-1,Pal::Sl,4
ATCTAATATCCTACGG-1,AcbC,0
ATCTACCATCTGCTCC-1,OT::Ml,5
ATCTAGCTTGTGAGGG-1,OT::PoL,5
ATCTCCCACGGAATAT-1,HY::LPO,5
ATCTCCCTGCAATCTA-1,MO::L1,2
ATCTGCACCTCTGCGA-1,CC,4
ATCTGCTGTTATCGCC-1,Io,3
ATCTGGGCTGTTCTTG-1,AcbSh,0
ATCTGGTTAAGACTGT-1,MO::L5,1
ATCTTATCGCACACCC-1,Pal::MA,5
ATCTTGACCTGCAACG-1,MO::L2/3,2
ATCTTGACTTGTCCAA-1,Or,4
ATGAAGCCAAGGAGCC-1,MO::L1,2
ATGACGCGTTCTATCC-1,AOB::Gr,3
ATGACTATGCGACATT-1,CPu,0
ATGAGGAGTGTTAATC-1,MO::L1,2
ATGATGCAATGGTACA-1,ORB::L6,1
ATGCACGCGCTGTTCA-1,MOB::Gl_1,3
ATGCACTACCGCATTG-1,MO::L2/3,2
ATGCATGATCCAGGAT-1,MO::L5,1
ATGCCAATCGCTCTGC-1,SS::L2/3,2
ATGCCATTTGCGACCA-1,CPu,0
ATGCCGGTCTTGCATA-1,MO::L6,1
ATGCCGGTTGATGGGA-1,SS::L2/3,2
ATGCGACAATTGGTCC-1,SS::L2/3,2
ATGCGACAGTCCCATT-1,CC,4
ATGCGAGTCCCACCAC-1,TH::RT,4
ATGCTCTGGCGCGGTA-1,AcbC,0
ATGCTTAGGAGTTGAT-1,HY::LPO,4
ATGGAAATTTAAGGAG-1,MOB::lpl,3
ATGGAGCAGGCCGTGA-1,CC,4
ATGGATCCGGCGTCCG-1,MO::L2/3,2
ATGGATTGACCAAACG-1,MO::L5,1
ATGGCAGCATTACGAT-1,MOB::Gl_1,3
ATGGGCCTCGGCCTCT-1,CPu,0
ATGGTCGCGTGGTTTC-1,CPu,0
ATGTAAGGCTGCTCTT-1,Py,4
ATGTACATGCGGTGAG-1,HY::LPO,5
ATGTACGATGACGTCG-1,AON::L2,6
ATGTAGCGCGCGTAGG-1,OT::PoL,5
ATGTGAAAGCCTAATG-1,AOB::Gl,3
ATGTGCATCCGACGCA-1,MO::L2/3,2
ATGTGGACATCTTGAT-1,CPu,0
ATGTTGATTAGAGACT-1,Pal::NDB,5
ATTAAACATGCGGACC-1,CC,0
ATTAATACTACGCGGG-1,MO::L2/3,2
ATTAATGAACCAGTCG-1,MO::L5,1
ATTACATGTCAGTCTT-1,TH::RT,4
ATTACGCGCTGGCAGG-1,FRP::L2/3,2
ATTACTTACTGGGCAT-1,SS::L5,1
ATTAGATTCCTCAGCA-1,CC,1
ATTAGGCGATGCTTTC-1,CPu,0
ATTATACTTTGCTCGT-1,MO::L2/3,2
ATTATAGCTACTTTAC-1,SLu,4
ATTATGCCATAGGGAG-1,MO::L1,2
ATTATTATGTCCGTCA-1,AOE,3
ATTATTCAGAGTCACT-1,Pal::NDB,5
ATTCAACCATTTAAGG-1,Pal::Sl,4
ATTCACTGATGTTGGA-1,AcbC,0
ATTCAGGACCTATTTC-1,SS::L5,1
ATTCATATACTGTCCA-1,CC,0
ATTCATCGTTGAGGCA-1,Pal::Sl,0
ATTCCCGAAGGTACAG-1,MOB::Gl_1,3
ATTCCTAAGACGTGGA-1,SS::L2/3,2
ATTCGACGCCGGGCCT-1,MO::L2/3,2
ATTCGCGCCTTGAGAG-1,Pal::MA,5
ATTCGTGCTATCTCTT-1,TH::RT,4
ATTGAAGATCTTAGTG-1,MO::L5,1
ATTGACCGGCGATGAC-1,SS::L6,1
ATTGATCACCACATTT-1,MOB::Gr,3
ATTGATGAGTCCTAAC-1,CPu,4
ATTGCCTTTATGTTTG-1,AcbSh,0
ATTGCGATCAGTAACT-1,Pal::GPi,4
ATTGCTGCTCCTCCAT-1,MO::L5,1
ATTGGATTACAGCGTA-1,Pal::Sl,4
ATTGGTTGTGCATTAC-1,OT::Pl,5
ATTGTACAACTCGGCT-1,CPu,4
ATTGTCGCAATACCTT-1,SS::L2/3,2
ATTGTGACTTCGCTGC-1,SS::L1,2
ATTTACAGTTTACTGG-1,MO::L2/3,2
ATTTACTAAGTCCATT-1,Py,4
ATTTCCGGGTTCTGCG-1,AOE,3
ATTTGCGCGAGTAGCT-1,Ft,3
ATTTGGAGATTGCGGT-1,MOB::Gl_1,3
ATTTGTCTTGGGAGCT-1,CPu,0
ATTTGTTCCAGGGCTC-1,MO::L2/3,2
CAAACCCTCCGGCGGG-1,OT::Ml,5
CAAACGAGTATCGCAG-1,ORB::L5,1
CAAACGGTCGCACTTT-1,MO::L2/3,2
CAAACTCGCGACGCCG-1,TH::RT,4
CAAAGATTATTGGGCC-1,MOB::lpl,3
CAAATCTCTCACAAGG-1,ORB::L1,3
CAAATGTCCTTCCGTG-1,Cl,1
CAACCTACCGAGCAGT-1,Pal::MA,5
CAACGACCCGTTTACA-1,MO::L1,2
CAACGTGGTGGAGTCT-1,HY::LPO,4
CAACTATATCGAATGC-1,SS::L1,2
CAACTGCTCATCCGAT-1,AON::L1_2,6
CAAGAGGGCGGAGTAC-1,CPu,0
CAAGATATTATAACGT-1,CPu,0
CAAGCAACGTCGGAGT-1,MO::L2/3,2
CAAGCACCAAATGCCT-1,MO::L1,2
CAAGCGGCACATAATT-1,AcbC,0
CAAGGATCGCATGTTC-1,CPu,0
CAAGGCCAGTGGTGCA-1,Pal::MA,5
CAAGGTCCTATAGGCT-1,Or,4
CAAGTGTGGTTGCAAA-1,CPu,0
CAATAAACCTTGGCCC-1,MO::L5,1
CAATACGCTCTGAGGC-1,MOB::Opl,3
CAATATTCTTGACCTA-1,AOE,6
CAATCCCTATACCAGC-1,SS::L1,2
CAATGCGAGAAGTATC-1,AcbC,0
CAATGGATCTCTACCA-1,MO::L6,1
CAATGTGCCAACCCTT-1,Fim,0
CAATTAAGGGTGATGA-1,MO::L5,1
CAATTGGGCCGCACTC-1,MOB::Opl,3
CAATTTCGTATAAGGG-1,CC,4
CACAAGAAAGATATTA-1,SS::L2/3,2
CACAATGAGCTGCTAT-1,ORB::L6,1
CACACACGCTAACGAG-1,Pal::Sl,4
CACACGCGCTGTCTTA-1,CPu,0
CACAGCACCCACGGCA-1,MO::L5,1
CACAGCTAGGGAGTGA-1,MO::L2/3,2
CACAGGGCCATATAGT-1,Pal::Sl,4
CACAGGGCCGTTGTCA-1,En,6
CACAGTCCCGCTTCGC-1,HY::LPO,5
CACAGTTCGCTTCCCA-1,TH::RT,4
CACATATTAGCAGGAT-1,CPu,0
CACATCTCACCGACGA-1,AcbC,0
CACATGATTCAGCAAC-1,CC,4
CACATTCTTTCGATGG-1,SS::L2/3,2
CACATTTCTTGTCAGA-1,TH::RT,4
CACCAATCATCCGTCT-1,MOB::Opl,3
CACCACGCCACACAGA-1,MOB::Opl,3
CACCAGTCAGCATGCA-1,MOB::Gl_1,3
CACCATGATCGCAAAG-1,SS::L1,2
CACCCAAATCTTATGT-1,LV,4
CACCCACGAGGCAATT-1,SS::L5,1
CACCCGGTTTGTGACT-1,AOE,6
CACCCTAACAAGATCT-1,AcbC,0
CACCCTTGGTGAGACC-1,MOB::Gr,3
CACCGCCAGAAGGTTT-1,MO::L5,1
CACCGCGTCCACTCTA-1,SS::L2/3,1
CACCGGGCATCACAAG-1,OT::Ml,5
CACCGTATCCCATCCG-1,Pal::Sl,4
CACCGTTAGGGATCAC-1,AOE,6
CACCGTTGCGCGATAT-1,ORB::L1,3
CACCTAATCAGTTTAC-1,MO::L2/3,2
CACCTCGATGGTGGAC-1,MO::L2/3,2
CACCTTGCGAAACTCG-1,MO::L5,1
CACCTTGGCGCCTTTG-1,St,4
CACGAAAGTTAGTCCC-1,MO::L2/3,2
CACGCACAGCGCAGCT-1,MO::L5,1
CACGCAGCGAGGCTTT-1,MO::L2/3,2
CACGCGGAACTGTTGC-1,St,0
CACGGCGCGCCAAAGG-1,SS::L2/3,2
CACGTCGGCAACCTCT-1,ORB::L2/3,2
CACGTTCGTGCTCTAG-1,CPu,0
CACGTTTCGTACACAC-1,Pal::Sl,0
CACTAAAGTTGCCTAT-1,MO::L5,1
CACTACGGGAGCTGCC-1,HY::LPO,5
CACTCAAGAGCTATGG-1,CC,1
CACTCCTATGTAAGAT-1,AOE,3
CACTCCTCTCGGTCGG-1,SS::L2/3,2
CACTCGAGCTGAACAA-1,CPu,0
CACTCTTCTGCTAGCC-1,Pal::Sl,4
CACTGACGATTGTGGA-1,Io,3
CACTTAATCAGACGGA-1,MO::L5,1
CAGAACTTAGCCCTCT-1,AcbC,0
CAGAATAACACACGGA-1,Pal::Sl,4
CAGACACCGATCGCTG-1,PIR,6
CAGACCTGTAAGTGTT-1,CC,4
CAGACGAACCTGATAC-1,PIR,6
CAGAGACGGTCACCCA-1,PIR,6
CAGAGCATGAGCTTGC-1,MO::L5,1
CAGAGGCGATGCATGA-1,PIR,6
CAGATAATGGGCGGGT-1,Pal::NDB,5
CAGATACTAACATAGT-1,MO::L2/3,2
CAGATCATTTAAAGTC-1,SS::L6,1
CAGATCCTGGTTTGAA-1,MOB::MI,3
CAGATGTTTGTCCCAA-1,MOB::Gr,3
CAGCAGCCCGTTCCTT-1,MO::L6,1
CAGCAGTCCAGACTAT-1,Pal::GPi,4
CAGCAGTCTGTGCTGC-1,AcbSh,0
CAGCCTCCTGCAGAGG-1,MO::L5,1
CAGCCTCTCCTCAAGA-1,SS::L2/3,2
CAGCGATTCCCTTCAA-1,AOE,6
CAGCTCACTGAGACAT-1,MO::L5,1
CAGCTCGACAAGTTAA-1,MO::L6,1
CAGCTGGCGTAACCGT-1,AOB::Gr,3
CAGCTTAGTAGGTAGC-1,MO::L1,2
CAGGATATATCGTTGT-1,CPu,0
CAGGCAGTCTTACCAG-1,OT::PoL,0
CAGGCCGTTTGGGTGT-1,MO::L5,1
CAGGCGCACGGTGGTC-1,MOB::Gr,3
CAGGCGCCATGCTAGG-1,CPu,0
CAGTAACTATTTATTG-1,SS::L5,1
CAGTAAGGGACGTCTC-1,MOB::Gl_1,3
CAGTACATTCTCTAAA-1,SS::L5,1
CAGTACCAGTTTACGT-1,AOB::Gr,3
CAGTAGCCCACGCGGT-1,SS::L5,1
CAGTCGAGGATGCAAT-1,SS::L6,1
CAGTCGGCCTAGATAT-1,MOB::Gr,3
CAGTCTGTATACTGGG-1,CPu,0
CAGTGAATAAATGACT-1,MO::L5,1
CAGTGTCGGCTGGCCC-1,Pal::Sl,0
CAGTTCAAATTGACAC-1,MO::L5,1
CATAACGGACAGTCGT-1,CPu,0
CATAAGAAGCTTGGCT-1,AcbC,0
CATAAGCTCTCCGTCT-1,MOB::Gr,3
CATACACAAAGTCAGC-1,MOB::Gl_1,3
CATACACGGTTCCCAC-1,AON::L2,6
CATACCCGTACCCAGT-1,FRP::L2/3,2
CATACGGCGTCTGGGC-1,CPu,0
CATACTATGTAATTGT-1,MO::L5,1
CATACTTAGGCAATAC-1,Fim,4
CATAGAGGAGATACTA-1,OT::Pl,5
CATAGCGTTGCCCACC-1,AON::L1_2,6
CATAGTACATTGAGAG-1,MO::L1,2
CATAGTCAAATACATA-1,Pal::MA,5
CATAGTCCACAAGAAC-1,ORB::L2/3,2
CATATACTACTGATAA-1,SS::L5,1
CATATAGGTACAGTCA-1,Cl,1
CATATGTCAGGCTACG-1,AOB::Ml,3
CATCATTACCCTGAGG-1,Pal::Sl,4
CATCCTCTCAAAGATC-1,Pal::Sl,0
CATCGGACGGGTTAAT-1,CC,4
CATCTATCCCGTGTCT-1,SS::L5,1
CATCTTACACCACCTC-1,CPu,0
CATGACTTCGCTGAAT-1,St,4
CATGAGATGCACTCTC-1,AcbC,0
CATGATGCACAATTCT-1,MO::L2/3,2
CATGATGGAAGTTAGC-1,St,4
CATGCCAACTCGCAAA-1,AOB::Gl,3
CATGCGACCAGTTTAA-1,SS::L6,1
CATGGATTGTCTTCCG-1,Pal::Sl,4
CATGGGTATGCCTTAT-1,AcbC,0
CATGGGTCGGGTGTGG-1,SS::L5,1
CATGGTAAGTAGCGTT-1,CPu,0
CATGGTATTAGTTTGT-1,MOB::Gl_1,3
CATGGTCTAGATACCG-1,MO::L5,1
CATGGTTTATTAATCA-1,Pal::NDB,5
CATGTAAGAGACATTT-1,Pal::Sl,0
CATGTAGGAGCGCCAA-1,SS::L2/3,2
CATGTCTCATTTATGG-1,CPu,0
CATTACGCAGGAAGGG-1,OT::Pl,5
CATTACGTCGGCCCGT-1,MO::L2/3,2
CATTATGCTTGTTGTG-1,MO::L5,2
CATTGCGGGTCAATTC-1,Or,4
CATTTAGCGGACCATG-1,MO::L5,1
CATTTGAGTGGTACGT-1,PIR,2
CCAAACAGAACCCTCG-1,MO::L1,2
CCAAATAACAAGATTC-1,TH::RT,4
CCAACGATGCACTGAT-1,MO::L2/3,2
CCAAGAAAGTGGGCGA-1,PIR,6
CCAAGACTTCTGCGAA-1,MO::L2/3,2
CCAAGCGTAACTCGTA-1,MO::L6,1
CCAAGGTTGCCCTTTC-1,Pal::NDB,5
CCAATAGTGCCGTCGA-1,MO::L5,1
CCAATCGGTAGATCGA-1,SS::L1,2
CCAATGTCACAGCAAG-1,MO::L5,1
CCAATTACGGGTCGAG-1,SS::L5,1
CCACAATGTACGTCTT-1,MO::L6,1
CCACACTGAGATATTA-1,MO::L6,1
CCACAGTACCCATCCT-1,CPu,0
CCACATGGCTCTTTAT-1,MOB::Opl,3
CCACCAACTTTACTGT-1,AOE,6
CCACCCAAGGAAAGTG-1,CPu,0
CCACGAATTTAACCTC-1,St,4
CCACGAGAAGAGAATC-1,MO::L2/3,2
CCACGGAGCCATAAGA-1,AOB::Gl,3
CCACGGTGCCCGGTAG-1,Fim,4
CCACTCAGATCCGCAA-1,OT::Ml,5
CCACTGGTGGCTGGTT-1,FRP::L1,3
CCACTGTTTGGATTAA-1,HY::LPO,5
CCAGAAAGCAACTCAT-1,AOE,3
CCAGATAGTTGAGTGA-1,MO::L6,1
CCAGCCTGGACCAATA-1,CC,4
CCAGCTCGAACGCATT-1,En,6
CCAGCTGATGGTACTT-1,FRP::L1,2
CCAGGGACGTGGCCTC-1,MO::L5,1
CCAGTAGTCTGATCCA-1,SS::L6,1
CCAGTCAAATCTCTTA-1,MOB::lpl,3
CCAGTCTAGACGGCGC-1,SS::L5,1
CCAGTCTTGTCATAGA-1,En,6
CCAGTTCGGTAACTCA-1,OT::Ml,5
CCATAACCTGTGCAGT-1,MOB::Gr,3
CCATACCTTTACTTGT-1,LV,4
CCATAGAGGCTGCCAG-1,MOB::Gl_1,3
CCATAGGTTGGCGTGG-1,MO::L1,2
CCATATGGAAACTATA-1,Pal::Sl,4
CCATCGCAGTTAAACT-1,Cl,0
CCATCTCACCAGTGAA-1,CPu,4
CCATGCCCTAGATTTC-1,Pal::Sl,4
CCATGCCTGTTTAGTA-1,MO::L5,1
CCATTAGCGATAATCC-1,MO::L2/3,1
CCATTCCCTGCCCACA-1,MO::L2/3,2
CCATTTCTACCTATTA-1,AcbC,0
CCCAAACATGCTGCTC-1,CPu,0
CCCAACATACGTCGCG-1,ORB::L5,2
CCCAAGTCATTACACT-1,Pal::NDB,5
CCCAATTTCACAACTT-1,FRP::L2/3,2
CCCACTCCACGGTATC-1,MOB::Gr,3
CCCAGAGGAGGGCGTA-1,SS::L5,1
CCCAGGTCTGAAGGCT-1,TH::RT,4
CCCAGTAAACTTGGGA-1,MOB::Gr,3
CCCAGTTAAGGCGCCG-1,CPu,0
CCCGAAGTTTCGCGAA-1,MOB::Gr,3
CCCGACCATAGTCCGC-1,MO::L2/3,2
CCCGAGTTTCTCCGTA-1,TH::RT,4
CCCGCAGCGCGAACTA-1,CPu,0
CCCGGGTCGTTCAGGG-1,AON::L1_1,6
CCCGGTGTATCGGAAT-1,MOB::Gr,3
CCCGTAAGTCTAGGCC-1,FRP::L2/3,2
CCCGTAGCTGGGAAGA-1,AOE,6
CCCGTCAGCGTCTGAC-1,MO::L2/3,2
CCCGTGAGGGCGGTGA-1,MOB::Gr,3
CCCGTTTCGCAGATGT-1,TH::RT,4
CCCTACTTGAACAATG-1,OT::Ml,5
CCCTAGGCAACAAGAG-1,MOB::Gr,3
CCCTATGTAGAGCAGA-1,MOB::Opl,3
CCCTCCTCGCTCGTAT-1,TH::RT,4
CCCTGAAATGAGTTGA-1,MO::L2/3,2
CCCTGCCCAATCCGCT-1,MOB::Opl,3
CCCTGCGCTACGCATA-1,MO::L1,2
CCCTGGCTGTTCCTTC-1,MOB::Gr,3
CCCTTTAATGGAGTTC-1,HY::LPO,5
CCCTTTGACAGGTCTT-1,PIR,6
CCGAACACTGGGCCTC-1,AOB::Ml,3
CCGAACCTTCCCGGCC-1,CPu,0
CCGAAGCATTGACCAA-1,MOB::Gl_1,3
CCGACAATAGGCCGCC-1,HY::LPO,4
CCGACGGGCATGAGGT-1,MOB::Gr,3
CCGACGTAAACACAAC-1,SS::L2/3,2
CCGAGAAGTCGCATAA-1,TH::RT,4
CCGAGCTGTGCTTGTC-1,SS::L5,1
CCGATCTCAACCTTAT-1,CPu,4
CCGATTCGAGGGACCC-1,FRP::L1,3
CCGCACAAAGACCAAC-1,CPu,0
CCGCACTTGCAATGAC-1,Pal::NDB,5
CCGCATGTGGTACGAT-1,AcbC,0
CCGCCGGAACTTCTCG-1,MOB::MI,3
CCGCCTGCGAATTGGT-1,SS::L2/3,2
CCGCCTTGCGATGTCG-1,MOB::Gr,3
CCGCGATTTGGTAGGT-1,MOB::Gl_2,3
CCGCGCAAGATACCCA-1,MOB::Gl_1,3
CCGCGGAATGCGTCAC-1,ORB::L2/3,6
CCGCGGGTACGAAGAA-1,MO::L1,2
CCGCTATCAGCACCAG-1,CPu,0
CCGCTCCAGGGCGATC-1,OT::Ml,5
CCGCTCTTCCGAACTA-1,Pal::MA,5
CCGCTTACCTCACTCT-1,ORB::L2/3,2
CCGCTTGCTGACATGG-1,Py,4
CCGGAGCGTACTTTCT-1,AON::L1_2,6
CCGGCACGACCGTTTC-1,Fim,4
CCGGCCGCGAGCATAT-1,MOB::Gl_1,3
CCGGCGTGAGACTCTG-1,MOB::Gr,3
CCGGGCGGTCTCGTCA-1,MO::L6,1
CCGGGCTGCTCCATAC-1,CPu,0
CCGGGTTCGAGGTTAC-1,FRP::L2/3,2
CCGGTAATGGCTAGTC-1,Fim,0
CCGGTTTGTAATTGTG-1,AON::L1_2,6
CCGTAAGTTGGTCCCA-1,CC,4
CCGTAGGAAATCCCTG-1,Pal::Sl,5
CCGTAGGGTTGTTTAC-1,Pal::Sl,5
CCGTATCTCGTCGTAG-1,MOB::Gr,3
CCGTATTAGCGCAGTT-1,SS::L5,1
CCGTGGAACGATCCAA-1,SS::L6,1
CCGTGTTAAATTCCAT-1,ORB::L2/3,2
CCGTTACGTTAGAACA-1,SS::L5,1
CCGTTCCGAATCTCGG-1,ORB::L1,2
CCTAAAGGCTGACGCT-1,SS::L1,2
CCTAAATTAACGGTTC-1,CPu,0
CCTAAATTGTATCCTA-1,TH::RT,4
CCTAACCCAAACAAGT-1,CPu,0
CCTAACTAAGGCTCTA-1,SS::L5,1
CCTACATTCACAGACG-1,Ft,3
CCTACTGCTTACACTT-1,MO::L2/3,2
CCTAGGCGTAGCGATC-1,CPu,0
CCTAGGTAAAGGTAGC-1,MOB::Gr,3
CCTATAATGAGTGCCC-1,AcbC,0
CCTATACCGTCCTGTC-1,AON::L1_2,6
CCTATATCGTGTCACG-1,MOB::Gl_1,3
CCTATATTTGTCCTGG-1,AON::L1_1,6
CCTATCTATATCGGAA-1,MO::L2/3,2
CCTATGAAGTGGTGCC-1,Fim,4
CCTATGGCTCCTAGTG-1,MOB::Gl_1,3
CCTATGGGTTACCGTC-1,MO::L6,1
CCTATGGTCAAAGCTG-1,OT::Pl,5
CCTATGTCCACTCCAC-1,Pal::MA,0
CCTCAACGATCGCTGT-1,MOB::lpl,3
CCTCACCTGAGGGAGC-1,CC,4
CCTCACCTTAGCATCG-1,SS::L6,1
CCTCCGACAATTCAAG-1,MO::L2/3,2
CCTCCTGAGCCCACAT-1,MOB::Gl_2,3
CCTCCTGTTGTGTCGT-1,Pal::MA,5
CCTCGCCAGCAAATTA-1,MO::L2/3,2
CCTCGCGCGATATAGG-1,SS::L5,1
CCTCGCGCTGTGCGAT-1,En,6
CCTCGGACCGGGATAG-1,CPu,0
CCTCTAATCTGCCAAG-1,MO::L5,1
CCTCTATCGATTAGCA-1,MOB::Gr,3
CCTCTCTCCCATCTAG-1,MO::L2/3,2
CCTCTGGCCTAGACGG-1,MO::L1,2
CCTCTGTACTATTCTA-1,En,0
CCTGAACGATATATTC-1,CPu,0
CCTGAATATTTACATA-1,MO::L5,1
CCTGACCACCGATGGT-1,CPu,0
CCTGCTATTTGAGAAG-1,MO::L2/3,2
CCTGGAAACGTTCTGC-1,Fim,0
CCTGGCTAGACCCGCC-1,MO::L2/3,2
CCTGGTCGAATGTGGG-1,AcbC,0
CCTGTAAGACATGATA-1,MO::L5,1
CCTGTACTCACGCCCA-1,ORB::L2/3,2
CCTGTCACCCGGGCTC-1,MO::L5,1
CCTGTCCCTCACGTTA-1,Fim,4
CCTGTCGCCCGTAAAT-1,MO::L6,1
CCTGTTTGAAGACACG-1,Pal::Sl,0
CCTTCAGTTAAAGTGA-1,AON::L1_1,6
CCTTCGTATAGAATCC-1,OT::Ml,5
CCTTCTCAGCGTTCCT-1,MOB::Gr,3
CCTTCTTGATCCAGTG-1,MO::L2/3,2
CCTTGACCACTTTATT-1,Pal::Sl,4
CCTTTAAGGGAGCACT-1,AON::L1_2,6
CCTTTCAATGAAGAAA-1,SS::L5,1
CCTTTGAATTATGGCT-1,MOB::Gl_1,3
CGAAACGCAATTCATG-1,ORB::L5,2
CGAACAGTATGGGCGT-1,Pal::GPi,4
CGAACCCGCATGCGTC-1,PIR,1
CGAACGGCCGGACAAC-1,MOB::Gr,3
CGAAGCTATAAATTCA-1,SS::L5,1
CGAAGTTGCTCTGTGT-1,MO::L2/3,2
CGAATCTGCTCGACGC-1,MOB::Gl_1,3
CGAATGAAGTCATTGC-1,MOB::Gl_1,3
CGAATGACGCATAATG-1,AON::L2,6
CGACAATTTGATCTAA-1,St,0
CGACACGCTCCGACAG-1,CPu,0
CGACAGTTCGCGTTAT-1,MO::L5,1
CGACCCTTAACGCCGG-1,MOB::Gr,3
CGACCTACTAGACAAT-1,MOB::Gr,3
CGACGCATCCGTACCT-1,MOB::Gr,3
CGACTCAGGATGTTAT-1,SS::L5,1
CGACTTTGTATAGCCT-1,Or,4
CGAGACCCTAGAGTGT-1,CPu,0
CGAGACTACTGCTGCT-1,OT::Ml,5
CGAGAGATGTGAACCT-1,MO::L6,1
CGAGAGCGCGTAGATA-1,MOB::Gr,3
CGAGAGCTTTCACTAC-1,Pal::MA,5
CGAGAGGGTAGCCGCG-1,Pal::Sl,4
CGAGCTGGGCTTTAGG-1,MO::L1,2
CGAGGCTAAATATGGC-1,MO::L6,1
CGAGGGACTGCGGTCG-1,CPu,0
CGAGGGTATCCAGGTG-1,AON::L2,6
CGAGTACTAAAGAGGA-1,ORB::L2/3,2
CGAGTGAAGGTACCAG-1,MOB::Gr,3
CGAGTTCTGTCCCACC-1,MO::L5,1
CGAGTTTATCGGACTG-1,CPu,0
CGATACCTCGCGGACA-1,MO::L6,1
CGATAGTCGTACTGCA-1,Pal::MA,5
CGATCCGACCCAGTGC-1,MO::L6,1
CGATCTGTTGGAGGAC-1,AOB::Gl,3
CGATGGACCCTACGCC-1,SS::L5,1
CGATGTTGTTATCTAC-1,MOB::Opl,3
CGATTAAATATCTCCT-1,AcbC,6
CGATTCGCCTGGCTGC-1,AcbC,0
CGCAAACACGAGTTAC-1,MO::L2/3,2
CGCAATTAGGGTAATA-1,MO::L2/3,2
CGCACATGTCCACTAC-1,CPu,0
CGCACGTGCGCTATCA-1,CPu,4
CGCAGATCTTCACCCG-1,Or,4
CGCAGGCGATCCAAAC-1,Pal::Sl,4
CGCATGCCGAATGCGT-1,Pal::MA,5
CGCATGGTGCGATGCT-1,CPu,0
CGCATTAGCTAATAGG-1,MO::L5,1
CGCCACAGGTCGCGAT-1,MOB::Gr,3
CGCCATCCGATTATGA-1,MO::L5,1
CGCCCAGCACGCCTAG-1,AON::L2,6
CGCCCAGCGTTTCACG-1,Pal::MA,5
CGCCCGCTTCCGTACA-1,SS::L2/3,2
CGCCGCCCATGCCTGT-1,CPu,0
CGCCGTTCAGCATAGT-1,Pal::Sl,4
CGCCTCCCTCCTCTAT-1,CPu,0
CGCCTGGCCTACGTAA-1,ORB::L2/3,2
CGCGAAGTGGCATACT-1,Pal::MA,5
CGCGACCGCGACAGAT-1,AcbC,0
CGCGAGAGGGACTTGT-1,SS::L5,1
CGCGAGTCTGCCGGGT-1,MOB::Gr,3
CGCGCAAATGTCCAGA-1,MOB::lpl,3
CGCGCATGTTTGATTG-1,PIR,6
CGCGCCCGACTTAATA-1,MO::L2/3,2
CGCGGCTCAACTTGAA-1,St,0
CGCGGGAATTAGGCAG-1,MO::L6,1
CGCGGGAATTCCTTTC-1,OT::Ml,5
CGCGGTCACAAACCAA-1,SS::L5,1
CGCGTTCATGAAATAC-1,MO::L5,2
CGCTACGGGACATTTA-1,MO::L6,1
CGCTAGAGACCGCTGC-1,CPu,4
CGCTATTCTTAGGCTC-1,CC,1
CGCTCTCCGTAGATTA-1,MO::L2/3,2
CGCTGGTGACTACCCT-1,Pal::GPi,4
CGCTGTGACGCCGCAC-1,MO::L2/3,2
CGCTGTGTGGATGTTG-1,AON::L1_1,6
CGCTTATTCCCGGTCG-1,ORB::L2/3,2
CGCTTCGGTCTAAGAC-1,Pal::NDB,5
CGCTTTCTTGCATTCG-1,CC,4
CGGAAAGAATCAAACG-1,AON::L2,6
CGGAACGTAAACATAG-1,ORB::L5,1
CGGACCTTTACGTCCC-1,OT::Ml,5
CGGACGTTACTTGAAG-1,MOB::MI,3
CGGAGCAATTTAATCG-1,En,6
CGGAGCATGGCGATCC-1,CPu,0
CGGAGTTTGAGAGACA-1,MO::L2/3,2
CGGATCCTCAAGGACT-1,AcbC,0
CGGCAAACATCGTGCG-1,AcbC,0
CGGCAATAAGATCGCC-1,Pal::Sl,4
CGGCAGGGTCGGGTTG-1,CPu,4
CGGCCACGCACAAAGT-1,MO::L5,1
CGGCCCAACCTGTAGT-1,Py,4
CGGCCCAGGTATATCC-1,St,4
CGGCGCCATCAATCCC-1,Pal::Sl,0
CGGCTCTAAAGCTGCA-1,TH::RT,4
CGGGAATATAGTATAC-1,TH::RT,4
CGGGAATTTATGTAAA-1,CPu,0
CGGGAGCTTCAGTGTA-1,CPu,0
CGGGATCAATGTAAGA-1,MO::L2/3,2
CGGGCAGCTAAACCGC-1,MO::L5,1
CGGGCCTTCTTTGTAA-1,MO::L6,1
CGGGCGATGGATCACG-1,OT::PoL,5
CGGGTGTACCCATTTA-1,CPu,0
CGGGTTTGTTAGGGCT-1,HY::LPO,4
CGGTACGGCAAACCCA-1,MOB::MI,3
CGGTACTAGAATCAAA-1,CPu,0
CGGTAGAGGTGCAGGT-1,SS::L5,1
CGGTATAGGTATTAGC-1,SS::L1,2
CGGTCAAGTGGGAACC-1,MO::L5,1
CGGTCCGTCGCAAGCC-1,AON::L1_1,6
CGGTCTATCAACCCGT-1,SS::L2/3,2
CGGTGAAGACTAAAGT-1,MO::L1,2
CGGTGCAGATAGAACG-1,ORB::L5,1
CGGTGCGCGTTGGTCC-1,ORB::L2/3,2
CGGTGGGCTCCAGCCT-1,SS::L2/3,2
CGGTTATCCAACAGTG-1,CC,4
CGGTTCAAGTAGGTGT-1,SS::L5,1
CGGTTGACCTGGCATA-1,FRP::L2/3,2
CGTACCTGATAGGCCT-1,MO::L2/3,2
CGTAGAGAGTAATTAT-1,OT::PoL,5
CGTATTAAGAGATCTA-1,MO::L5,1
CGTCACGTCCATTGGT-1,ORB::L6,1
CGTCCTCATCGCGTGC-1,Pal::NDB,5
CGTCGCATGTGAGCCA-1,OT::PoL,5
CGTCGGATAGTGTTGA-1,CPu,0
CGTCGGGTCTAAGCGC-1,MOB::Gr,3
CGTCGTCCTTCGCGAA-1,AcbC,0
CGTGAAGTTAATTCAC-1,MO::L6,1
CGTGACATTGGGTCGT-1,SS::L1,2
CGTGACCAGTCCTCTG-1,AON::L1_1,6
CGTGCACACCACTGTA-1,OT::Ml,5
CGTGCAGACTGGGACA-1,CPu,0
CGTGCATTGTCGACGC-1,FRP::L2/3,2
CGTGCCCTCCCGAAGA-1,CPu,0
CGTGGCCGAATATCTA-1,Pal::GPi,4
CGTGTATGGGAGCTGA-1,Pal::NDB,5
CGTGTCCCATTCGCGA-1,MO::L2/3,2
CGTTAAACTAGTTAGG-1,TH::RT,4
CGTTAATGTCCCGACG-1,Pal::Sl,0
CGTTAGCTCACAACTG-1,SS::L2/3,2
CGTTATCATACTTCCA-1,MOB::Gr,3
CGTTCAGACCCGCGAA-1,AON::L2,6
CGTTCATGGTGCGCGT-1,AOB::Gr,3
CGTTCTTCGCACACCT-1,SS::L5,1
CGTTGAATACCGCGCT-1,AcbC,0
CGTTGAGCGACCGTCG-1,CPu,0
CGTTGAGTAATTGCGT-1,SS::L1,2
CGTTGTAAGATTGATT-1,CC,4
CGTTGTCGGCAATTGA-1,En,6
CGTTGTTTCAATTCCC-1,MO::L2/3,1
CGTTTCACTTCGGGCG-1,SS::L2/3,1
CGTTTCGCTCATTACA-1,MO::L5,1
CGTTTGTGTAGAGGGT-1,AON::L1_2,6
CTAAAGAATGCCTACT-1,MO::L5,2
CTAAAGGGAAATAGGA-1,CPu,0
CTAAATCCTATTCCGG-1,MO::L5,1
CTAACAGCACAATAAC-1,MOB::Gl_1,3
CTAACCGCGCGCCCGT-1,MO::L5,2
CTAACGAAACTTGCTG-1,CC,4
CTAACTGATAATCGCC-1,Pal::Sl,4
CTAACTGGTCCGGTTC-1,ORB::L1,3
CTAAGGGAATGATTGG-1,CPu,0
CTAATTCGCACGCGCT-1,MO::L1,2
CTAATTCTCAGATATT-1,CC,4
CTACACTCGCAGATGG-1,Pal::Sl,4
CTACCCTAAGGTCATA-1,CC,4
CTACGACTAGCTATAA-1,FRP::L1,2
CTACGCACGGAGTACC-1,MO::L5,1
CTACTATCATAGGTTT-1,MOB::Gr,3
CTACTATCTTTCAGAG-1,CC,1
CTACTCAAGGTATAGT-1,Io,6
CTACTCTAGGCCCGGC-1,MO::L1,2
CTACTGCCACCTGACC-1,MO::L5,1
CTAGATGTGAGTGTAA-1,LV,4
CTAGATTTACGACGGC-1,CPu,0
CTAGCATAGTATAATG-1,MO::L6,1
CTAGCCGATGTTATGA-1,SS::L6,1
CTAGGCGCCCTATCAG-1,CPu,0
CTAGGTCTGAAGGAAT-1,LV,4
CTAGGTTCGGACGTGA-1,AcbC,0
CTAGTAGAAAGGGATT-1,AcbSh,0
CTAGTCACGTCTTAAG-1,CPu,0
CTAGTGAAGGACAGGA-1,MO::L2/3,2
CTAGTTACAACCCGGT-1,AcbC,0
CTAGTTGGGCCCGGTA-1,MO::L5,1
CTATAAGAGCCAATCG-1,SS::L6,1
CTATACTTAAAGCGAG-1,MOB::Gl_1,3
CTATCGACGAAATACA-1,Pal::Sl,0
CTATCGGGTCTCAACA-1,CC,4
CTATGCCCGAATGCAA-1,AON::L2,6
CTATGGGAAGCGGAAT-1,Pal::Sl,4
CTATGTCACTAGCCCA-1,MO::L5,1
CTATGTGAGTCACGGC-1,AOB::Gr,3
CTATTCATGTGTCCCA-1,Cl,0
CTATTGTGTTTGGTCA-1,SS::L2/3,2
CTATTTGCTTGGAGGA-1,OT::Ml,5
CTATTTGGTTACGGAT-1,CPu,0
CTCAACTAACCCGGAT-1,Pal::MA,0
CTCAAGACATTAGCGC-1,SS::L2/3,2
CTCACATTTACTAAAT-1,AcbSh,6
CTCACTGTGATACTTA-1,AcbSh,0
CTCACTTGGCTGGTAA-1,FRP::L2/3,2
CTCAGATTGTGATAAG-1,MOB::Gr,3
CTCAGTCACGACAAAT-1,SS::L5,1
CTCATAAATGTGTATA-1,OT::Ml,5
CTCATGGTAATTTGCG-1,Ft,3
CTCATTGCTCTAACAA-1,AcbC,0
CTCATTTGATGGGCGG-1,MO::L2/3,2
CTCCCTCCTTTCGATC-1,MOB::Gr,3
CTCCGCCCACATGAGG-1,ORB::L5,1
CTCCGGCCTAATATGC-1,MO::L1,2
CTCCTCCAGCTCACAC-1,AON::L1_1,6
CTCCTTTACGCAAGTC-1,SS::L6,1
CTCGAGACATACGATA-1,MOB::Opl,3
CTCGAGGTCGAACAGT-1,MO::L5,1
CTCGATATTTGCGAGC-1,SS::L5,1
CTCGCACCTATATAGT-1,MO::L5,1
CTCGCATTGCATAGCC-1,MOB::Gl_1,3
CTCGCCGAATGTAGGG-1,AcbSh,6
CTCGCTAGGTAAGCGA-1,OT::Ml,5
CTCGGTACCACTGCTC-1,CPu,0
CTCGGTTGTCGGCCCT-1,MOB::lpl,3
CTCGTCGAGGGCTCAT-1,MOB::Gl_1,3
CTCGTCTGTGCCTTCG-1,OT::Pl,5
CTCGTTTCTAATGTTT-1,SS::L5,1
CTCTAATGCATTGATC-1,CC,4
CTCTACACTGGCGATT-1,AOB::Gr,3
CTCTAGCCCTCGGAAA-1,Pal::MA,5
CTCTATTTGGCTGCAG-1,CPu,0
CTCTCACAATCGATGA-1,MO::L6,1
CTCTCTAACTGCCTAG-1,MOB::Opl,3
CTCTGGACGCCTGGTG-1,MO::L5,1
CTCTTCTATTGACTGG-1,St,4
CTCTTGTCCCGCTTGG-1,En,6
CTGAAAGAGATCCGAC-1,MO::L2/3,2
CTGAATCCGAGACCTC-1,ORB::L6,1
CTGAATTTATTGCCAG-1,SS::L5,1
CTGACTGCGCAGCTCG-1,LV,4
CTGCAAGCACGTTCCG-1,HY::LPO,5
CTGCACAACTACATAT-1,CPu,0
CTGCACTCCAGTACAG-1,AcbC,0
CTGCAGAGAATCAGAG-1,Pal::MA,5
CTGCCAAGGTTGGAAG-1,MO::L2/3,2
CTGCCATGCATCACAT-1,CPu,0
CTGCCTTTCTAGTAAA-1,Pal::MA,5
CTGCGACCTCGCCGAA-1,OT::Ml,5
CTGCGTTACGATATAA-1,SS::L2/3,2
CTGCTGAGGCCACGAA-1,ORB::L2/3,2
CTGCTTGGCGATAGCT-1,AcbC,0
CTGCTTTATGTCCGCG-1,SS::L5,1
CTGGAAATGGATGCTT-1,MO::L5,1
CTGGAAGACACGGTGG-1,CPu,0
CTGGACGCAGTCCGGC-1,MOB::Gr,3
CTGGATTTACACTTGA-1,PIR,6
CTGGCATCCGAATGAG-1,AOB::Gl,3
CTGGCGACATAAGTCC-1,SS::L2/3,2
CTGGCGATTTACATGT-1,OT::Ml,5
CTGGCGCACAGGTCTG-1,CPu,0
CTGGCTGATTCATCCT-1,St,0
CTGGCTGGTTGTCAGT-1,PIR,6
CTGGGATAAATAATGG-1,CPu,0
CTGGGCCTGCTATATC-1,ORB::L2/3,2
CTGGGTAGGCAGTTAA-1,CPu,0
CTGGGTTGAGTTAAAG-1,MOB::lpl,3
CTGGTAAAGACTTACA-1,OT::Pl,5
CTGGTAACACATAGAA-1,CPu,0
CTGGTAACGAGCTCTT-1,CC,4
CTGGTTTCGAGCAAGA-1,CPu,0
CTGTACTTCTTAGCAT-1,MO::L6,1
CTGTAGCCATCTCACT-1,AON::L1_2,6
CTGTCAAATGGCTCGG-1,SS::L5,1
CTGTGCAGGGTAGGTC-1,CPu,0
CTGTGGTCGGGAGATA-1,Pal::Sl,0
CTGTTACCCAATCTAG-1,Cl,1
CTGTTCACTGCCTGTG-1,MO::L2/3,2
CTTAACTTACAGTATA-1,Pal::NDB,5
CTTAAGCAGCGAGCCG-1,MOB::Gr,3
CTTACACGGTATTCCA-1,MO::L2/3,1
CTTAGCCTTCCACATG-1,MO::L5,1
CTTAGGTATAGACCAG-1,MOB::Gl_1,3
CTTAGTAGGCCTACAG-1,LV,4
CTTAGTGTAGTAGCAT-1,Pal::MA,0
CTTATGCGCTCAGGGC-1,MOB::Gr,3
CTTCAACTCCACTTGG-1,AcbC,0
CTTCAGTGGTCGCCTA-1,MOB::lpl,3
CTTCAGTTGGACAACG-1,OT::Ml,5
CTTCATTGTCAGTGGA-1,MO::L6,1
CTTCCGCTCCGTGAAG-1,AON::L1_2,6
CTTCGATTGCGCAAGC-1,OT::Pl,5
CTTCGGCCAATTGTTT-1,TH::RT,4
CTTCGTAGATAGGTGA-1,MO::L5,1
CTTCTATGTTGAAGTA-1,ORB::L1,3
CTTCTATTAATGCTAG-1,ORB::L2/3,6
CTTGAGTTAGGGTAAT-1,CPu,0
CTTGATGACCATCCAG-1,Pal::NDB,5
CTTGCAACCGCCTCCT-1,ORB::L1,2
CTTGCCCACCCACGCA-1,Pal::NDB,5
CTTGCCCAGGCTCTAC-1,Cl,1
CTTGGCCAAGCTGGGA-1,AON::L2,6
CTTGTACTTGTTGACT-1,MO::L1,2
CTTGTCAACATTCGAG-1,CPu,0
CTTGTGCTCACCGATT-1,SS::L5,1
CTTGTTGCTGAGTCAA-1,CPu,0
CTTTAACTTTCAAAGG-1,MO::L5,2
CTTTAATATTGGTCGA-1,CPu,0
CTTTACCGAATAGTAG-1,CPu,0
CTTTAGGAACACTGTT-1,CPu,0
CTTTAGTGCTATTATT-1,CPu,0
CTTTCTGTGCGGGCTT-1,AcbC,0
CTTTGACGTCGCTTCT-1,MOB::lpl,3
CTTTGCATCGCTCTTG-1,Pal::Sl,0
CTTTGGCTTTAGTAAA-1,MO::L2/3,2
CTTTGTCGAATGCTCC-1,MOB::Opl,3
GAAACAGATGACCACC-1,CPu,0
GAAACATAGGAAACAG-1,MOB::Gl_1,3
GAAACCATGGTGCGCT-1,Or,4
GAAACCGAATTACCTT-1,ORB::L6,1
GAAACCTATACAAATG-1,AON::L2,6
GAAAGAACAGCGTTAT-1,CPu,4
GAAAGCAGTGCACTTT-1,AON::L1_2,6
GAAAGCCCTTTGGACC-1,MO::L1,2
GAAATATCACCATCAG-1,MO::L1,2
GAAATATGCTTGAATG-1,SS::L5,1
GAAATCGCGCGCAACT-1,MO::L2/3,2
GAAATGGCGGTGTTAG-1,MO::L5,1
GAAATTAGCACGGATA-1,SS::L5,1
GAAATTGTCTCTATAA-1,Cl,1
GAACAACTGGGATGAA-1,OT::PoL,5
GAACACACATCAACCA-1,MO::L2/3,2
GAACAGATTACTAAAT-1,AcbC,0
GAACCCTCTGTGTTCT-1,AcbSh,0
GAACCTCGACCTACAC-1,MOB::Opl,3
GAACCTTTAACGATCC-1,AcbSh,0
GAACGACCGAATGATA-1,MO::L2/3,2
GAACGCGGGTCACACG-1,TH::RT,4
GAACGTCTCATGGTCG-1,CC,4
GAAGAAACGATATTGT-1,MOB::Opl,3
GAAGCCACTGATTATG-1,AcbSh,6
GAAGCCTGCACATTCC-1,En,6
GAAGCGTGAGGAATTT-1,MO::L5,1
GAAGCTCGGACCCGTC-1,MOB::lpl,3
GAAGCTTGCTGACCGC-1,MO::L2/3,2
GAAGGAGTCGAGTGCG-1,AON::L1_1,6
GAAGTCAGTTGCACTA-1,PIR,6
GAAGTCTCCCTAGCGA-1,CPu,0
GAAGTGATTTATCGTG-1,MO::L6,1
GAAGTTTCCACTCAAT-1,MO::L5,1
GAATAGACGCGACCCA-1,CPu,0
GAATAGCCCTGCGGTC-1,SS::L5,1
GAATCGACATGGTCAC-1,MO::L2/3,2
GAATCTGAACATTCTC-1,CPu,0
GAATGCGAATCGGTTC-1,AcbSh,6
GAATGGGCTTATCGAC-1,MOB::Opl,3
GAATGTATGGCAGGTC-1,SS::L2/3,2
GAATGTGGTCCGGATT-1,CPu,0
GAATGTTGGGTAATCT-1,MO::L5,1
GAATTATAGTGAAAGG-1,CC,1
GAATTCACCCGGGTGT-1,Cl,1
GAATTTCTCGCTGCAG-1,MO::L1,2
GACAAACATATGCAGG-1,St,4
GACAACGACCATTGAA-1,MO::L5,1
GACAACGCAGCTTACG-1,MO::L1,2
GACACAAGGGAAGAAA-1,MO::L6,1
GACACAGCCGGGACTG-1,OT::Pl,5
GACACTGAGTTCAGTG-1,ORB::L6,1
GACACTGGAACCCGAT-1,TH::RT,4
GACACTTCCAATTACC-1,OT::Pl,5
GACAGATTTCTGGCTC-1,MOB::Gr,3
GACAGCCAGACCTGAC-1,CPu,0
GACAGGCACACACTAT-1,FRP::L1,2
GACATCCGTCGAACTG-1,AcbSh,5
GACATCGATTTATAAC-1,PIR,6
GACCAAACGTTGACTG-1,HY::LPO,5
GACCACACTTCCCTTT-1,OT::Pl,5
GACCAGAGCCCTGTAG-1,MO::L5,1
GACCCAATTATGATAC-1,MOB::Gr,3
GACCGACGTGAAAGCA-1,Fim,4
GACCGACTGAAGCGTC-1,MO::L1,2
GACCGCGTCTGACGTG-1,TH::RT,4
GACCGTGCTGACGGTG-1,MO::L6,1
GACCGTTACATGCGAC-1,MOB::Gl_2,3
GACCTTCCACGTCTAC-1,OT::PoL,5
GACGACGATCCGCGTT-1,AcbC,0
GACGAGGCTAATAAAC-1,Pal::Sl,4
GACGCATACCCGTCGG-1,MOB::Gl_1,3
GACGCCGTAAAGGCTA-1,PIR,6
GACGCTTGCTTCTAAA-1,MO::L5,1
GACGGGTTGGCCCGTA-1,AON::L1_1,6
GACGGTCAATAGAAGC-1,CC,4
GACGTGTAGGGATTAT-1,MO::L1,2
GACTAAGATCATGCAC-1,MO::L2/3,2
GACTAAGTAGGCTCAC-1,MO::L2/3,2
GACTACAAAGCGGTGG-1,MOB::Gr,3
GACTAGGCCGTTAGGT-1,OT::PoL,5
GACTCACCCACGTGAG-1,Fim,4
GACTCCCAGAATAAGG-1,Or,4
GACTCCTTCCAATTGA-1,MOB::Opl,3
GACTCGCGGGAATGAC-1,SS::L6,1
GACTGCAAATCGAGCT-1,AcbC,0
GACTGCACCAGCCCAG-1,CPu,0
GAGAACGGTTCTGACT-1,Pal::NDB,5
GAGACCCTGCAACGCC-1,SS::L1,2
GAGACTGATGGGTAGA-1,MO::L5,1
GAGACTTCGCGACCGA-1,PIR,6
GAGAGGGCGCGAGGTT-1,MO::L5,1
GAGAGGTGCATTCTGG-1,ORB::L2/3,2
GAGATCTGCTTGGCAT-1,MO::L5,1
GAGATCTGTCACTCCG-1,MO::L6,1
GAGATCTTCCATGACA-1,CPu,0
GAGATGGCTTTAATCA-1,OT::Pl,5
GAGATGGGAGTCGACA-1,AcbC,0
GAGCACCTGTGTCCAG-1,AcbC,0
GAGCCAGCTACCTGTG-1,AcbC,0
GAGCCGAGCGTTTATT-1,SS::L2/3,2
GAGCGCAAATACTCCG-1,TH::RT,4
GAGCGCGCACGAGTAG-1,CPu,0
GAGCGCTGTTAGGTAA-1,MOB::Gl_1,3
GAGCTAAGGGCATATC-1,MO::L6,1
GAGCTGTCGTCTCGGA-1,SS::L5,1
GAGGAATGGAGAGGTT-1,MO::L1,2
GAGGATAAACAGTGCT-1,TH::RT,4
GAGGCCCGACTCCGCA-1,MOB::Gr,3
GAGGCCTGTTGATACA-1,Pal::MA,5
GAGGCTATCAAAGTCG-1,MO::L2/3,2
GAGGGCGCAGCTCTGC-1,SS::L6,1
GAGGTACGCGTGTCCC-1,OT::PoL,5
GAGTAAGGCCACGGGA-1,MOB::Gr,3
GAGTAGATACTAGTTG-1,AcbSh,6
GAGTATGCCCGCCTTG-1,ORB::L2/3,2
GAGTATGCGCGTGCAT-1,AcbSh,6
GAGTCAGACCAGAATC-1,AON::L1_2,6
GAGTCCGCTTACCGGA-1,Cl,4
GAGTCTTGTAAAGGAC-1,MOB::Gr,3
GAGTGTCAACCAGAAA-1,AcbSh,0
GAGTGTGCGGTACCCA-1,CPu,0
GAGTTCTGTGGGTGCT-1,MOB::Gl_1,3
GAGTTGATGGCAATTT-1,MOB::Gr,3
GATAACTCGCACTGTG-1,CPu,0
GATACGATGGGAGTCA-1,ORB::L6,1
GATAGATAGTACAGTC-1,OT::Ml,5
GATAGGTAACGTTGAC-1,Cl,0
GATATCAAGCAGGAGC-1,MOB::Opl,3
GATATGAGACACTAAC-1,CPu,0
GATATGCGGTAGCCAA-1,SS::L5,1
GATATTGAGATTGGCG-1,CPu,4
GATATTTCCTACATGG-1,SS::L2/3,2
GATCATTCCAAACATT-1,MO::L5,1
GATCCCTTTATACTGC-1,MO::L5,1
GATCCGGGAATTAACA-1,CPu,0
GATCCTAAATCGGGAC-1,SS::L6,1
GATCCTCGACACTGGC-1,ORB::L1,3
GATCGACACTATCTGA-1,MO::L2/3,2
GATCGCGGGCTCTCCA-1,MO::L5,1
GATCGCTACCCGATTT-1,Pal::GPi,4
GATCGCTATATCTCAG-1,MOB::Gl_1,3
GATCGGATAGAACCAT-1,MOB::MI,3
GATCGGTGGCCATAAC-1,MO::L5,1
GATCGTGACTGATATC-1,CPu,0
GATCTAACCGTATTCA-1,MOB::Gr,3
GATCTGCTATCTAAGG-1,AON::L2,6
GATCTTGGAGGGCATA-1,CPu,0
GATCTTTGCAGGGTAT-1,MO::L5,1
GATGACAAGTAGGGCA-1,Ft,3
GATGACGATGATCGCG-1,SS::L5,1
GATGAGGAACCTTCGG-1,OT::PoL,5
GATGCCTTCTGCGGCA-1,MOB::Opl,3
GATGCGTCCTGCATTC-1,MO::L6,1
GATGCTGTATTTCATC-1,CPu,0
GATGTAACGAACCACC-1,MOB::Gr,3
GATGTTCAATCCACGA-1,ORB::L6,1
GATTAACCGAAAGCCC-1,Pal::Sl,0
GATTACTGAATTTGGG-1,ORB::L5,1
GATTCCCTTGTCGCAG-1,MO::L5,1
GATTCCGCGTTTCCGT-1,MO::L1,2
GATTCGACGGTTCACG-1,CPu,0
GATTGGGAAAGGTTGT-1,OT::PoL,5
GCAAACCCTACATTAT-1,CPu,0
GCAAACCTTGGCCATA-1,AcbC,0
GCAAATATTACGCTTT-1,MO::L5,1
GCAAATGAGGACACTT-1,MOB::Opl,3
GCAACACACTAGAACT-1,AOB::Gr,3
GCAACAGCAGTATGCG-1,TH::RT,4
GCAACCACCAGACCGG-1,SS::L2/3,2
GCAACCACGGCCGCGT-1,ORB::L2/3,2
GCAACGGCTAGTTATG-1,TH::RT,4
GCAAGAATTCCTTGGC-1,ORB::L5,2
GCAAGATGTGTTCGCG-1,SS::L1,2
GCAAGCTGGAAACCGC-1,MOB::Opl,3
GCAAGTGCACAGAGAA-1,MO::L1,2
GCACAAACGAGGCGTG-1,TH::RT,4
GCACAACCTCGGGCGT-1,MOB::Opl,3
GCACACACTGGTAGCC-1,Pal::Sl,4
GCACCTAGGCGAGTCC-1,OT::Ml,5
GCACGCCGATTCCCGC-1,OT::Ml,5
GCACGCCTACTTAGAT-1,AOE,6
GCACGTGGTTTACTTA-1,Pal::MA,5
GCACTGCCTACCTTTA-1,OT::PoL,6
GCAGACCCAGCACGTA-1,CPu,4
GCAGATCCATAAGACT-1,CPu,0
GCAGATTAGGGATATC-1,CC,1
GCAGCACACAGCCCAG-1,MO::L5,1
GCAGCCTATATCACAT-1,Fim,4
GCAGCTATGGACAGGT-1,SS::L2/3,2
GCAGCTGTCAACGCAT-1,OT::Ml,5
GCAGGAACTTAGATCT-1,MOB::Gr,3
GCAGGACTATAGAATA-1,MO::L2/3,2
GCAGGTAGAGTATGGT-1,SS::L5,1
GCAGTGTGGCTATAGG-1,AcbC,0
GCATAGAGCACTCAGG-1,MO::L6,1
GCATCGGCCGTGTAGG-1,Pal::GPi,4
GCATGAGGGACGCGGC-1,CC,4
GCATGCTAATAACGAT-1,Pal::NDB,5
GCATGGGTACTGACGC-1,MOB::Opl,3
GCATTCAAGGCAACGC-1,Or,4
GCATTGACTTGCGGAA-1,MOB::Gr,3
GCATTGTAATTCATAT-1,ORB::L1,3
GCATTTCCAAGGCTCC-1,Or,4
GCCAACCATTTCCGGA-1,CC,1
GCCAAGAATACTTCTG-1,MOB::Gr,3
GCCAATAGGGCATCTC-1,SS::L6,1
GCCACAATTTAAGGAC-1,ORB::L5,1
GCCACTCAGAGCGCGA-1,Pal::Sl,0
GCCAGGAGTAACCGAT-1,SS::L5,1
GCCATATTGCACACAG-1,SS::L5,1
GCCATCGAGCTGCGTG-1,PIR,6
GCCATCGATGCTGCAT-1,Or,4
GCCATTAGCCTCAAAC-1,MOB::Opl,3
GCCCGACTTCTTCCCG-1,AOB::Ml,3
GCCCGAGAGTCTAAAT-1,MOB::Gl_1,3
GCCCGATCTGTGGTCG-1,Cl,0
GCCCGCGCGTAAACGG-1,ORB::L2/3,2
GCCCGTAATACCTTCT-1,MO::L5,1
GCCCTAGCCGTCGCGA-1,MOB::lpl,3
GCCCTGAGGATGGGCT-1,OT::PoL,5
GCCGAAATTCCTACGT-1,MO::L5,1
GCCGATTGGCCAAGCT-1,CPu,0
GCCGCTTGTGAGAAAC-1,MO::L5,1
GCCGGGTTAGGGTCGC-1,CC,4
GCCGTGGAAGAAATGT-1,Not_annotated,0
GCCTACGTTCTGTGCA-1,OT::PoL,5
GCCTATAGTGTCAGGG-1,MO::L6,1
GCCTATGCTGGGCCTT-1,SS::L5,1
GCCTCATCTGGAAATA-1,CPu,0
GCCTCCGACAATTCAC-1,Pal::Sl,5
GCCTCTATACATAGCA-1,AcbC,0
GCCTTTGTCAGTGGAC-1,MOB::Gl_1,3
GCGAAACGATCGGGAG-1,Pal::Sl,4
GCGAAACTTAACTGGA-1,CPu,0
GCGAAGAATCTGACGG-1,OT::PoL,5
GCGAAGCCATACCCGT-1,MO::L5,1
GCGACATGTAAACATC-1,Fim,4
GCGACGATAGTTGTAC-1,PIR,1
GCGAGAGGCCATGTAA-1,SS::L6,1
GCGAGAGTTGCGTCCA-1,Or,4
GCGAGCGCATGCTCCC-1,Fim,4
GCGAGGCCCGAGCAGA-1,MO::L5,1
GCGAGTTCTGCAAAGA-1,MO::L6,1
GCGATTGTTAACGTTA-1,CPu,0
GCGCAAATATATTCAA-1,MOB::Opl,3
GCGCAAGAGCGCGCTG-1,St,4
GCGCATCCAGTCAGCA-1,CC,4
GCGCCGTTCCACGATA-1,CPu,0
GCGCCTCCCACTCCGA-1,TH::RT,4
GCGCGGTCTAGTAACT-1,OT::Ml,6
GCGCGTCATTGGTACA-1,AcbC,0
GCGCTAATTGAATAGA-1,CC,4
GCGCTATGCCGAGGCA-1,ORB::L6,1
GCGCTGATCCAGACTC-1,SS::L2/3,2
GCGCTGCTTTGCATTT-1,SS::L6,1
GCGCTTAAATAATTGG-1,AcbC,0
GCGGACCGCGTTGTGG-1,ORB::L2/3,6
GCGGAGAAACTTCGCA-1,Ft,3
GCGGAGAGGGAGAACG-1,CPu,0
GCGGATTACTTGTTCT-1,OT::Ml,5
GCGGCAAAGTATTGCC-1,MOB::Opl,3
GCGGCTCTGACGTACC-1,MO::L5,1
GCGGCTTTAGCAAGTT-1,OT::Pl,5
GCGGGCGAGCCTTACC-1,PIR,6
GCGGTCTTGCTTTCAC-1,OT::Ml,5
GCGGTGAACTGCGCTC-1,SS::L5,1
GCGGTTCCCTATCATG-1,ORB::L6,1
GCGTAAATGGCCATAA-1,CPu,4
GCGTCGAAATGTCGGT-1,MO::L1,2
GCGTCGCCAGGGTGAT-1,AcbC,0
GCGTCTCTGCATTGGG-1,MO::L5,1
GCGTGGTACTGGGTTA-1,CPu,0
GCGTTCGGAGACCGGG-1,SS::L5,1
GCTAACTGAAGTCTGA-1,AcbC,0
GCTAAGCCCAGTATGC-1,OT::Ml,5
GCTAAGTAGTTTCTCT-1,CPu,0
GCTAATACCGAATGCC-1,MO::L1,2
GCTACAATCGAGGATA-1,Pal::MA,5
GCTACAGTACGGACCG-1,MOB::Opl,3
GCTACGACTTATTGGG-1,CPu,0
GCTACTATAGTAGAGT-1,Pal::GPi,0
GCTAGACCGTCTACTG-1,St,4
GCTAGAGTAGAGATGT-1,Pal::Sl,4
GCTAGCAGGGAGTGGG-1,SS::L2/3,2
GCTAGCTTGAATAGCT-1,ORB::L1,6
GCTAGGCACCACGGAG-1,AcbC,0
GCTAGTAGAGCTTGTA-1,CPu,0
GCTATACGTCTCGGAC-1,AcbC,0
GCTATCATACTCATGG-1,AcbC,0
GCTATGCCAGCTTATG-1,MOB::Gr,3
GCTCAATCCGTTTATT-1,AOE,3
GCTCAATGTAATACCG-1,AON::L2,6
GCTCATTACTGCATGT-1,SS::L1,2
GCTCCCAGTCGGTCCA-1,TH::RT,4
GCTCCGCTCGCTTCAG-1,TH::RT,4
GCTCCTGACATACTGG-1,Ft,3
GCTCGCTCATGTCCAA-1,St,0
GCTCGGAATTTAAAGC-1,SS::L5,1
GCTCTAAACCCTGACG-1,MO::L2/3,2
GCTCTATGTTACGTGC-1,MO::L2/3,2
GCTCTCGGGTACCGAA-1,MO::L5,1
GCTCTTTCCGCTAGTG-1,AON::L1_1,6
GCTGAATCTTCCAATC-1,MOB::Opl,3
GCTGAGGCGTGAGTAT-1,CPu,0
GCTGCACGGTTTCTTA-1,CPu,0
GCTGCTAAGTAGTCGA-1,AON::L1_2,6
GCTGCTACTGCGTAGC-1,CPu,0
GCTGCTCTCCGGACAC-1,MO::L5,1
GCTGGACCCAAAGTGG-1,SS::L2/3,2
GCTGGCATATTCACCT-1,MO::L2/3,2
GCTGGCGGCGCATGCT-1,AcbC,0
GCTGGTGACTCGTAGT-1,SS::L1,2
GCTGGTTTAGGCCATA-1,MOB::Gl_1,3
GCTGTATTACTGGCCC-1,ORB::L5,2
GCTGTTGCTACCGAAC-1,CPu,0
GCTTAATGTAACTAAC-1,CPu,0
GCTTACGTAGTTAGTA-1,Fim,4
GCTTATGAAGCAGGAA-1,CPu,0
GCTTCCATGTAACCGC-1,OT::Ml,5
GCTTCCGTCCCTAGAC-1,MO::L6,1
GCTTGAGTGACCTCTG-1,OT::Pl,5
GCTTGGATCGATTAGG-1,CC,4
GCTTTCAGAGGAGGTG-1,CPu,0
GGAAACCTTGTTGAAT-1,SS::L5,1
GGAAACTAAATGGGCC-1,Pal::Sl,5
GGAAAGTGCCCATGCC-1,SS::L5,1
GGAACCGTGTAAATTG-1,ORB::L5,2
GGAACCTTGACTCTGC-1,MOB::Opl,3
GGAACTTTGGCGATTA-1,HY::LPO,5
GGAATGCGCTAGCGTG-1,CC,4
GGACAACCATGAAGCC-1,Pal::NDB,5
GGACACAAGTTTACAC-1,TH::RT,4
GGACCAACAGGATAAC-1,CPu,0
GGACCTACGGTAACGT-1,SS::L5,1
GGACCTCTAGGCCGCC-1,MOB::Opl,3
GGACGTCCATAGTTGG-1,SS::L2/3,2
GGACTCTTTGACTAAG-1,OT::Ml,5
GGAGAAGTCATTGGCA-1,MO::L1,2
GGAGACCATCTACATA-1,MOB::Gr,3
GGAGACGACACCTTTG-1,CPu,0
GGAGCAACATTTCAAG-1,Pal::Sl,4
GGAGCACCAAGAACTA-1,MO::L5,1
GGAGCGAGGCCTACTT-1,OT::PoL,5
GGAGGGCTTGGTTGGC-1,CC,4
GGAGTTGATTCTGTGT-1,Pal::NDB,5
GGATCAGAGCCATCAG-1,MOB::MI,3
GGATCATCCCGTACGC-1,SS::L5,1
GGATCCGGAATATACT-1,CPu,0
GGATCTTGACTCAACC-1,MOB::Gr,3
GGATGAAGATCGCTGA-1,CPu,0
GGATGACGCGAGTTTA-1,MO::L5,1
GGATGGCTTGAAGTAT-1,Pal::NDB,5
GGATGTCCTTACCGCA-1,CPu,0
GGATTAATCATGGACC-1,OT::Ml,5
GGATTCCGCTATACCC-1,SS::L2/3,2
GGATTGCTGTGACTCC-1,Pal::Sl,0
GGATTTCACTTCTATA-1,CC,4
GGCAAAGGCGCCAATA-1,Ft,3
GGCAAATTACTTTACT-1,Cl,1
GGCAAGCCCATAGTGG-1,AON::L1_1,6
GGCAAGGCGAAATAGC-1,CPu,0
GGCAATAGTCAATGAG-1,MO::L6,1
GGCACGCTGCTACAGT-1,OT::Pl,5
GGCACTCCACTGGGCA-1,MO::L5,1
GGCACTGCGGTGGTTT-1,Pal::NDB,5
GGCAGCAAACCTATGC-1,Pal::GPi,4
GGCAGCGGTAATCCTA-1,SS::L2/3,2
GGCATACAGGTAGCGG-1,MO::L2/3,2
GGCATATCGGTTCTGC-1,SS::L2/3,2
GGCCAATTGTATAGAC-1,OT::Ml,5
GGCCCAGCTGGTTTGC-1,OT::Pl,5
GGCCCTCACCCACTTA-1,FRP::L1,2
GGCCGGCGTCTGCTAT-1,OT::PoL,5
GGCCGTTTGGGTTTCA-1,AON::L1_1,6
GGCCTGCTTCTCCCGA-1,HY::LPO,5
GGCGAAATCTAACTTG-1,CPu,0
GGCGAGCGAAACGGCA-1,MOB::Gr,3
GGCGCAGGACATCTTC-1,FRP::L2/3,2
GGCGCATGAATTGATG-1,Cl,1
GGCGCGGAGATCTTTC-1,AcbC,0
GGCGCGTTCGAGTTTA-1,Cl,0
GGCGCTTCATTCCCTG-1,OT::PoL,5
GGCGGAGTAATATTAG-1,MO::L5,1
GGCGGTAGGATCATTG-1,MO::L6,1
GGCGTAGGGAAAGCTG-1,AcbSh,0
GGCGTCCTATCCGCTG-1,MO::L2/3,2
GGCTAAAGGGCGGGTC-1,SS::L5,1
GGCTAATGATTGAAAT-1,SS::L1,2
GGCTATTAAGTTGTAT-1,MO::L2/3,1
GGCTCGCGTTGAGGTA-1,CC,4
GGCTCTGCTCCAACGC-1,MO::L5,1
GGCTGAAATAGCAAAG-1,CPu,0
GGCTTTCAATAAGGGT-1,AcbSh,6
GGGAAAGAATGCCAAC-1,Pal::NDB,5
GGGAACGGGAGGTTAG-1,MO::L5,1
GGGAAGACGGTCTGTC-1,AcbSh,0
GGGAAGGGCTTTCTCA-1,Pal::MA,0
GGGAATGAGCCCTCAC-1,SS::L5,1
GGGACAGAGTTACTCC-1,MOB::Opl,3
GGGACCCGTATATCTT-1,AON::L1_2,6
GGGACTGCATAGATAG-1,MO::L5,1
GGGAGAACTCACAGTA-1,MO::L6,1
GGGAGCGACCGTAGTG-1,OT::PoL,5
GGGAGGATGCCCGAAA-1,MO::L5,1
GGGAGTTAATGAGGCG-1,CC,4
GGGATGGTCGTAACCG-1,ORB::L5,1
GGGATTTACCGCACCT-1,CPu,0
GGGCAACCGCACGTGC-1,MOB::MI,3
GGGCACTATTGACCAT-1,MOB::Gl_1,3
GGGCAGACGTCACTGC-1,MOB::Gr,3
GGGCAGAGCAATCGTT-1,AcbC,6
GGGCAGTCAACGCCAA-1,OT::PoL,5
GGGCCCGTCTTAAACA-1,Cl,1
GGGCCGGCCGAAGTAC-1,CPu,0
GGGCCTAAATGGGCTA-1,MOB::Gr,3
GGGCGATATGTGTGAA-1,MO::L5,1
GGGCGGCAAATGAATT-1,ORB::L5,2
GGGCGGGTTCCCTACG-1,ORB::L5,1
GGGCGTACATTTATAT-1,MO::L2/3,2
GGGCGTCACCACGTAA-1,PIR,1
GGGCGTCCACTGGCTC-1,SS::L2/3,2
GGGCGTGGTTTCCCAG-1,AcbSh,0
GGGCTACTATTTCGTG-1,MOB::Gr,3
GGGCTATGATCGATGG-1,AON::L1_2,6
GGGCTCATCGAACCCA-1,SS::L5,1
GGGCTGCCTAGGGCGA-1,MO::L6,1
GGGCTGGTTAGTCGCG-1,MO::L5,1
GGGTACTTCATGAACT-1,MO::L5,1
GGGTATGTATGCACTT-1,MO::L1,2
GGGTATTCTAGCAAAC-1,MOB::Opl,3
GGGTCACCGTGACGGT-1,MO::L5,1
GGGTCAGGAGCTAGAT-1,AON::L1_1,6
GGGTCGTGGCAAGTGT-1,CC,1
GGGTCTATCGCTTTCC-1,HY::LPO,5
GGGTGACACCTTAACT-1,Cl,1
GGGTGCATATGAAAGC-1,SLu,4
GGGTTAACATTTGAGT-1,PIR,6
GGGTTTAGGATAGGAT-1,St,4
GGTAAACTCTGCGCTG-1,Pal::NDB,5
GGTAACCGGGAGGATA-1,MOB::MI,3
GGTACAAACATGCTAT-1,MO::L6,1
GGTACCATTAAGACGG-1,LV,4
GGTACGTTGCGGCCGG-1,Pal::NDB,5
GGTAGAAGACCGCCTG-1,AcbC,0
GGTAGACCGTTGGGCG-1,PIR,6
GGTAGTGCTCGCACCA-1,CC,4
GGTATAGTGACACATA-1,Or,4
GGTATTGCCGAGTTTA-1,MO::L5,1
GGTCAAGACTACTTCG-1,Pal::Sl,4
GGTCAGTGGGTCCCAC-1,Cl,0
GGTCGGATAAACGGCG-1,SS::L5,1
GGTCGGCCAGGAGCTT-1,CPu,4
GGTCGGTCGTCCACAG-1,AON::L1_2,6
GGTCGTAAGCTCGCAC-1,MOB::Gr,3
GGTCTCCGTCCAGGTT-1,Pal::MA,5
GGTCTCTGAATGGACT-1,Ft,3
GGTCTGAGAATCTGGA-1,MO::L6,1
GGTCTTGAGCGCTCTT-1,AON::L2,6
GGTGAAGTACAGGGAT-1,ORB::L2/3,2
GGTGATAAGGAGCAGT-1,CPu,0
GGTGCAGAGCCTATCG-1,SS::L1,2
GGTGCTGGTACACATT-1,ORB::L6,1
GGTGGACTGCTCTGGC-1,AcbC,0
GGTGTAAATCGATTGT-1,OT::Pl,5
GGTTACCACCCTCGGG-1,ORB::L2/3,2
GGTTAGCTATATGTCT-1,CPu,0
GGTTAGGCTTGGAGAA-1,MO::L2/3,2
GGTTCGGATTATACTA-1,MOB::Gl_2,3
GGTTCTACTCGTCTGA-1,Fim,4
GGTTTAATTGAGCAGG-1,Py,4
GGTTTACAATCTCAAT-1,MO::L5,1
GGTTTAGCCTTTCTTG-1,St,4
GGTTTCAATCGGTCAG-1,CPu,0
GGTTTGACAAGAAGCT-1,SS::L1,2
GGTTTGTGACCTGAGG-1,Pal::MA,5
GTAACATCTAAGATAA-1,HY::LPO,4
GTAAGCGGGCAGTCAG-1,MO::L2/3,2
GTAAGTAACAGTCTGG-1,CPu,0
GTAAGTAGGGTATACC-1,MO::L1,2
GTAATAAAGGGCTCCC-1,LV,4
GTAATCTGATTCTTCG-1,ORB::L2/3,2
GTACACTTACCTGAAG-1,CC,4
GTACAGAGGCAAGGGT-1,CPu,0
GTACGAGATTGCGACA-1,MO::L2/3,2
GTACGCTTCATTGCAC-1,CPu,0
GTACGTCACGTATTAA-1,SS::L1,2
GTACGTTTGCCCGTCA-1,CPu,0
GTACTAAGATTTGGAG-1,MO::L5,1
GTACTCCCTTATCGCT-1,MO::L2/3,2
GTACTCCTGGGTATGC-1,CC,1
GTACTGGAGTTAGACC-1,CPu,0
GTAGACACGCCTGACT-1,AcbSh,6
GTAGAGGGAGACAAGT-1,Ft,3
GTAGCCAAACATGGGA-1,CPu,0
GTAGCGGCTATACACT-1,CPu,0
GTAGCTTCCTCTTGTT-1,CC,4
GTAGGTGATCCGTGTA-1,SS::L2/3,2
GTAGTCGCGGGAATCA-1,CPu,0
GTAGTCTACGATATTG-1,AcbSh,0
GTAGTGAGCAACCTCA-1,Pal::NDB,5
GTATAGGACTCAGTAG-1,MO::L2/3,2
GTATCAAACGTTAGCT-1,Pal::Sl,4
GTATCCTTTGGTAACC-1,Pal::MA,5
GTATCTCAGTCTTGAC-1,MOB::Opl,3
GTATCTTTCATAACCA-1,CPu,0
GTATGAAATTTCACTC-1,MOB::Gr,3
GTATGTGGGTCTAGTT-1,CPu,0
GTATTCTGAGAAACGA-1,ORB::L2/3,2
GTCAAAGAAGTGGTGT-1,MOB::Opl,3
GTCAACCAGGCCTATA-1,Pal::MA,5
GTCAAGCGGACTCGGG-1,CPu,0
GTCAGAATAGTCTATG-1,MO::L2/3,2
GTCATGCACCTCCGTT-1,MO::L5,1
GTCATGCGCGAGGGCT-1,Pal::MA,5
GTCATGGACATGACTA-1,MO::L5,1
GTCATTAGAGCGAACG-1,CPu,0
GTCCAATATTTAGCCT-1,Io,3
GTCCATTACTGCTACG-1,St,4
GTCCCAACGTAAAGTA-1,CC,4
GTCCCAATCATCCCGC-1,MOB::Opl,3
GTCCCGCGACGTTATG-1,AcbC,0
GTCCGGACCTGAAATT-1,AcbC,0
GTCCGGCTGAATTGCG-1,MO::L5,1
GTCCGGGTTCACATTA-1,OT::Pl,5
GTCCTACGAATAGTCT-1,Pal::Sl,0
GTCCTACTCTACGGGC-1,MOB::Opl,3
GTCGCCGTTGTGTGTT-1,AON::L2,6
GTCGCGTAACCCGTTG-1,CPu,0
GTCGGAAGGATACCAG-1,SS::L2/3,2
GTCGGATATCTCAGAC-1,MO::L2/3,2
GTCGGATGTAGCGCGC-1,MO::L2/3,2
GTCGGGAACATGGTAG-1,MOB::Gl_2,3
GTCGGGAAGCAGAAAC-1,AcbSh,0
GTCGTACCATCTCGGG-1,CPu,0
GTCGTACCTACGATTG-1,MOB::Gl_2,3
GTCGTATTGGCGTACA-1,SS::L5,1
GTCGTGTCTGGTCATC-1,Or,4
GTCGTTATTCGCTTAT-1,CPu,0
GTCTAGTGAGCCGCTT-1,Pal::MA,5
GTCTATCTGAGTTTCT-1,ORB::L6,1
GTCTATTGCATGCTCG-1,Pal::MA,5
GTCTATTGGTTCCGGT-1,CPu,0
GTCTCAAGGCCCGGCT-1,AcbSh,0
GTCTCCCGAGTCCCGT-1,OT::Pl,5
GTCTCCTGCCAGTATG-1,MOB::Gl_1,3
GTCTCGACTAAGTTTG-1,CC,4
GTCTCGATCTGCTTTC-1,MO::L2/3,2
GTCTGGGCGGTCGAGA-1,ORB::L5,1
GTCTTACCACGCCAAG-1,OT::Ml,5
GTCTTGTAGCTATTCA-1,TH::RT,4
GTGAAACGGCGCCACC-1,SS::L5,1
GTGAACTCCCATTCGA-1,LV,4
GTGAAGATTTCAAGTG-1,SS::L5,1
GTGAAGCCGTATAGTC-1,SS::L5,1
GTGAAGTCACGACTCG-1,MOB::Gr,3
GTGACAGCTTCCCACT-1,AcbSh,6
GTGACCGCACACTACG-1,CPu,0
GTGACGAGGGTGACCC-1,SLu,4
GTGACGCAGGTTTCAT-1,OT::PoL,5
GTGACTTCAGTAGTGC-1,ORB::L6,1
GTGAGCGTGCTGCACT-1,MO::L1,2
GTGAGGACACTTAAGG-1,CPu,0
GTGAGGAGCGGTTGAG-1,SS::L1,2
GTGAGTCGACTAATAG-1,Pal::NDB,5
GTGAGTGGTACAACGC-1,PIR,6
GTGATCACTAACGCCT-1,Pal::GPi,4
GTGATCATAGATCTGC-1,Cl,4
GTGATCCTTGTCATGA-1,Pal::MA,0
GTGATGCACAACATCT-1,SS::L1,2
GTGATTCGCCGCTCAA-1,ORB::L2/3,2
GTGCACCAGCTTCAAC-1,Io,3
GTGCACGAAAGTGACT-1,MO::L1,2
GTGCCATCACACGGTG-1,ORB::L5,2
GTGCCCGTTCGGATTC-1,CPu,0
GTGCCGCTTCAAAGGT-1,ORB::L6,1
GTGCCTGAGACCAAAC-1,OT::Pl,5
GTGCGAAATCGAACAC-1,ORB::L5,1
GTGCGACAGGGAGTGT-1,CPu,4
GTGCGGGTCTCCAAAT-1,MO::L1,2
GTGCGTGTATATGAGC-1,CPu,0
GTGCTCAAGTACTGTC-1,MO::L5,1
GTGGAACCTACATGCG-1,SS::L1,2
GTGGACCAACCCGATT-1,ORB::L2/3,2
GTGGACGCATTTGTCC-1,AcbC,0
GTGGAGCGTTTACCGA-1,MOB::Opl,3
GTGGAGTCGGCGGTTG-1,AOE,6
GTGGCAAACAGCGGCA-1,MOB::Gr,3
GTGGCGGTCCCAGCGT-1,ORB::L1,3
GTGGCTGTTTCTGTTC-1,OT::Pl,5
GTGGGAAGACTGAATC-1,AOB::Gr,3
GTGGGCTTAGACACAC-1,MO::L2/3,2
GTGGGTACTGAGCGTA-1,MOB::Gr,3
GTGGTATAGTCTGCCG-1,AON::L2,6
GTGGTGGCCAAGTGAA-1,CPu,0
GTGGTTACTTCTTTCG-1,LV,4
GTGGTTTCCGCCTTTC-1,ORB::L5,2
GTGTACCTTGGCTACG-1,MO::L5,1
GTGTATATCAGCGGGC-1,AcbC,0
GTGTCGTATAGCGTTC-1,AcbC,0
GTGTGAATAACTTAGG-1,CPu,0
GTGTTACTATGCGTCC-1,CPu,0
GTTAAAGTAGGACTGG-1,CPu,0
GTTAACATCACTTAAA-1,AcbC,0
GTTAACTATGTTGTCA-1,TH::RT,4
GTTAAGGGTGCGATGT-1,AcbSh,0
GTTACAATTGGTGACG-1,FRP::L2/3,2
GTTACCTACAACTTGC-1,CPu,0
GTTACTTTGGGCCTAG-1,Cl,1
GTTAGCCCATGACATC-1,OT::PoL,5
GTTAGCCGTAAATCAA-1,Py,4
GTTAGGCTACCCGTTT-1,MOB::MI,3
GTTATAATACGGTGAA-1,Pal::Sl,4
GTTATATCAGGAGCCA-1,CC,4
GTTATATTATCTCCCT-1,Cl,1
GTTATCAAGCTATCGA-1,Pal::NDB,5
GTTCACAGGAGTCTAG-1,MO::L2/3,2
GTTCATCGTTTGGCTG-1,LV,4
GTTCGCCATAAGTGCC-1,MO::L6,1
GTTCGCTGAGACGTCT-1,TH::RT,4
GTTCGGATCGGGAACA-1,TH::RT,4
GTTCGGGCGTACCATT-1,Or,4
GTTCGTCTAAAGAACT-1,CPu,0
GTTGAACCGGTTCCAT-1,ORB::L5,1
GTTGAGTCCCGCCGGT-1,AcbC,0
GTTGCACGGAGTTTCG-1,MO::L2/3,2
GTTGGACCGCATCAGG-1,SS::L6,1
GTTGGATTCAGTGGCT-1,SS::L2/3,1
GTTGGATTGAGAACAC-1,CPu,0
GTTGGATTTGCGTTGG-1,MO::L5,1
GTTGGTCATGCTATCC-1,AcbC,0
GTTTACGTTCCATCTG-1,CC,0
GTTTCAAACGAGTTGT-1,HY::LPO,5
GTTTCATATCGTCGCT-1,FRP::L2/3,2
GTTTCCTGGAGGGTGA-1,MO::L2/3,2
GTTTCTAGAGGCGCGG-1,Pal::NDB,5
GTTTCTGCAGTCTCCC-1,CPu,0
GTTTGACCAAATCCTA-1,MO::L5,1
GTTTGGCCCAAGTTAT-1,CPu,0
GTTTGGGCTTGTGAGC-1,Cl,0
GTTTGGGTTTCGCCCG-1,Pal::MA,5
GTTTGGTAGGGTCAAC-1,PIR,6
GTTTGTTAGCCAAGTA-1,MOB::lpl,3
TAAACCCAGGAGGGCA-1,AOE,6
TAAAGCGGTATTTCCA-1,Io,6
TAAAGCGTTAGGAGAA-1,MO::L6,1
TAAAGCTGCAATAGGG-1,SS::L5,1
TAAATGCCGTCTCATG-1,SS::L1,2
TAACATACAATGTGGG-1,CPu,0
TAACATACACGCGATC-1,MOB::Gr,3
TAACCTACCGTCCGAG-1,CPu,4
TAACCTAGGGAGTCCA-1,HY::LPO,5
TAACTATTACGCCAAA-1,Or,4
TAACTCATCCGCGCGG-1,ORB::L6,1
TAAGAGGGACAGGGAC-1,MOB::Gl_1,3
TAAGCCCTTACGACCA-1,SS::L2/3,2
TAAGGCAACATAAGAT-1,MO::L5,1
TAAGGCATAACATCAA-1,AON::L1_2,6
TAAGGCCCGTCACCCT-1,AcbSh,0
TAAGGCTGAATCCCTC-1,St,0
TAAGGGCCTGTCCGAT-1,Pal::Sl,4
TAAGTAACATCTTGAC-1,ORB::L5,1
TAAGTCGCCGAGTATC-1,Ft,3
TAAGTTGCGACGTAGG-1,Pal::Sl,4
TAATAAACAAGGAGAT-1,SS::L2/3,2
TAATACACAGTAGTAT-1,MO::L2/3,2
TAATACTAGAACAGAC-1,OT::PoL,5
TAATAGAACAGAGTTA-1,ORB::L2/3,2
TAATAGGTCACCAGAA-1,MOB::Gl_1,3
TAATAGTGACGACCAG-1,MO::L5,1
TAATCGATCCGTACGT-1,SS::L5,1
TAATTACGTCAGTAGA-1,Pal::MA,5
TAATTAGGACATCCGT-1,St,4
TAATTGGAATCGGGAA-1,SS::L5,1
TAATTTCCGTCCAGTA-1,MOB::Gl_2,3
TACAACAGCGCATACA-1,OT::Ml,5
TACAACGCACAACTCA-1,MO::L6,1
TACAAGGGCTTCTTTA-1,Pal::NDB,5
TACAAGTCTCGTGCAT-1,MO::L1,2
TACACAGCCGTGGTGC-1,OT::Ml,5
TACACCTCTTCGAATC-1,OT::Ml,5
TACAGAAACGGTGGGC-1,AcbC,0
TACATAGGCATACACC-1,CC,4
TACATCCCTATCCCTG-1,MOB::Gr,3
TACATTTCTAACGTGC-1,MO::L6,1
TACCAAATAGCCCAGA-1,AcbSh,6
TACCAATAAAGTACCA-1,AcbC,0
TACCAGAAGTAGGTTC-1,PIR,6
TACCGAATAATTGTAA-1,Pal::NDB,5
TACCGCGGACTTGCAG-1,CPu,0
TACCGGCTCACTGCCC-1,CPu,0
TACCGGTCGTTTCCAT-1,ORB::L2/3,2
TACCGTAGGTTAACTA-1,En,6
TACCGTGCCTCGGACC-1,CPu,0
TACCTACTCCCAGTAT-1,AcbC,6
TACCTATCCCTAGAGG-1,MOB::Gl_2,3
TACCTCAGTTGTCTGT-1,AON::L2,6
TACCTTAAGATTTCCC-1,AOB::Gl,3
TACGAACACGACTTCA-1,MO::L5,1
TACGACGCTTGCTGCG-1,Cl,1
TACGACTGCCTCTTAG-1,CPu,0
TACGAGAACTTCACGT-1,MO::L2/3,1
TACGATGTTGATCATC-1,MO::L2/3,2
TACGCAGTTCTTTCCT-1,Cl,1
TACGCCATATTCTAAT-1,CC,4
TACGCCGAGGGTACCC-1,Ft,3
TACGCCTCCATTCCGA-1,En,6
TACGCTATAGAAACCT-1,LV,4
TACGCTCGGTATTGGA-1,HY::LPO,5
TACGGAAGCCAAACCA-1,OT::Pl,5
TACGGGATGCTAGCAG-1,SS::L5,1
TACGGGTAATAACATA-1,OT::Ml,5
TACGTAAAGCGGAGTG-1,Pal::MA,5
TACGTGGGCCCAGGGC-1,OT::Pl,5
TACGTTTACCGGCAAT-1,FRP::L2/3,2
TACTACGTGCAATGCG-1,OT::Ml,5
TACTATGGTTCCTCAG-1,AON::L1_2,6
TACTCGGCACGCCGGG-1,Not_annotated,2
TACTCGTTTGAATCAA-1,OT::Ml,5
TACTCTCCGAACAAAT-1,MO::L5,1
TACTCTTACTTTACTG-1,HY::LPO,5
TACTCTTTCGTCTTCA-1,AON::L2,6
TACTGAACAGATTTAG-1,AON::L1_2,6
TACTGAGGGAAGAAAG-1,MOB::Gl_1,3
TACTGCAATCAATTAC-1,SS::L5,1
TACTGGACAGCTCGGC-1,MO::L1,2
TACTTAAACATGTACA-1,Pal::NDB,5
TACTTGTTAGTAGTCC-1,CPu,0
TACTTTACTGAGCCGG-1,CC,4
TACTTTCCGCACGCCA-1,AOB::Gr,3
TAGAAAGGTGGCGCTA-1,CC,1
TAGAATAGCCGATGAA-1,Pal::MA,5
TAGACGAAACGCCAAT-1,AcbSh,0
TAGACGCCCGTACCGG-1,CPu,0
TAGACTACCTAGCGTT-1,LV,4
TAGAGATCATGCAACT-1,ORB::L1,2
TAGAGGTTCTACTTGT-1,Pal::Sl,4
TAGAGTCTAAGCGAAC-1,MO::L5,1
TAGATATGGACTGGAA-1,PIR,6
TAGATGGTTCCTTACT-1,Pal::Sl,4
TAGCAGATACTTAGGG-1,OT::Ml,5
TAGCAGTATGACTAAA-1,Pal::MA,5
TAGCCATTTCAAAGTC-1,CPu,0
TAGCCGGCGGTCAGCG-1,CPu,0
TAGCGTCCCTCGATTG-1,TH::RT,4
TAGCGTCCGGTGTGGT-1,AcbC,0
TAGCGTTGGGTCTTAC-1,CPu,0
TAGCTAAGTCCGGGAG-1,MO::L5,1
TAGCTAGAAGGCATGA-1,PIR,6
TAGCTAGTGATGATGG-1,AON::L1_1,6
TAGCTCGCCTGATAAC-1,PIR,6
TAGCTGATGTGAAGCG-1,MOB::Gr,3
TAGGAGGCTCGAGAAC-1,OT::Pl,5
TAGGCATGTTACGCCA-1,SS::L5,1
TAGGCCTATATAGTCT-1,Pal::NDB,5
TAGGCGATGAGGTCTC-1,MOB::Opl,3
TAGGCTAAAGTGGCAC-1,Pal::MA,5
TAGGGAGCTTGGGATG-1,CPu,0
TAGGGTGTTTCAAGAG-1,MO::L2/3,2
TAGGTCGCCGGAACTG-1,LV,4
TAGGTGACGATAACCT-1,AcbSh,0
TAGGTGAGCCCTACTC-1,MO::L2/3,2
TAGGTGCTCGCCTAGC-1,CPu,0
TAGGTGTTCCACAGAT-1,En,6
TAGGTTCGAGTTCGTC-1,CC,4
TAGTACCACAACTTTC-1,MOB::Gl_1,3
TAGTAGCTTATACCAG-1,Io,3
TAGTCCGCAGAGAATG-1,MO::L6,1
TAGTCGATCACGGGTT-1,Pal::GPi,4
TAGTCTAACAACGAGA-1,FRP::L2/3,2
TAGTCTGTGACGTTGC-1,SS::L6,1
TAGTGCCCTCCAGAGT-1,MO::L5,1
TATACACAGACGCCTT-1,Cl,0
TATACGCGTCATCACT-1,AcbSh,0
TATAGATGGTCGCAGT-1,St,4
TATAGCGCACGTTATC-1,MOB::Gr,3
TATATATCGAGAAATG-1,MOB::Opl,3
TATATCCCTGGGAGGA-1,CPu,0
TATATTACAAATGTCG-1,SS::L5,1
TATCACCCAACCGACC-1,SS::L6,1
TATCACTTCGAGTAAC-1,SS::L5,1
TATCAGTGGCGTAGTC-1,MOB::Opl,3
TATCCAATTGGTTATC-1,AcbC,0
TATCCATCTCGGTTAG-1,MOB::Gl_1,3
TATCCGCACCGTCGGG-1,AON::L1_2,6
TATCGATCTATGCATA-1,SS::L5,1
TATCGATGATTAAACG-1,MO::L2/3,2
TATCTACCACAGCGGG-1,CPu,0
TATCTGAGCCGATATT-1,MOB::Gl_1,3
TATCTTGCAATACAAC-1,MOB::Opl,3
TATGAAGAATTAAGGT-1,Pal::NDB,5
TATGACCTTGCGCTGG-1,MOB::Gr,3
TATGATCCGGCACGCC-1,Or,4
TATGATCTTCTCTTTA-1,Pal::Sl,0
TATGCTCCCTACTTAC-1,MO::L5,1
TATGGATGTGCTACGC-1,MO::L5,2
TATGGCCCGGCCTCGC-1,MO::L1,2
TATGGGACCGAGCAGG-1,MO::L5,1
TATGGGTACGTATCGT-1,MO::L5,1
TATGGTCTGAGTAACA-1,MO::L6,1
TATGGTTAGTGGGAGA-1,St,4
TATGTAGAAACCCGGC-1,MOB::Gl_1,3
TATGTCAAGACCGACT-1,SS::L5,1
TATGTCTCATTGTGCC-1,MO::L6,1
TATTAACACCAAAGCA-1,MOB::Opl,3
TATTAACCTGACCGCG-1,AON::L2,6
TATTACCATCCTGCTT-1,CPu,0
TATTATGTTTGCCTGC-1,MOB::Opl,3
TATTCAATTCTAATCC-1,CC,4
TATTCCACTCAGCTCG-1,PIR,6
TATTCCGAGCTGTTAT-1,AcbC,0
TATTCCTCCGCCCACT-1,ORB::L2/3,2
TATTCGTGCCAGAATA-1,MO::L6,1
TATTGCCGGGCTTGTA-1,Pal::NDB,5
TATTTAGTCTAGATCG-1,MO::L1,2
TATTTATACCGAGTAG-1,SS::L1,2
TATTTGTTACCCTTTA-1,MO::L2/3,2
TCAAACAACCGCGTCG-1,MO::L2/3,2
TCAAACTTAGATTGTT-1,MO::L5,1
TCAAAGAGCTATCTGT-1,MOB::Gr,3
TCAAATTGTTGTGCCG-1,OT::PoL,5
TCAAATTTGAGACTCA-1,AcbSh,0
TCAACAAAGATAATTC-1,AOB::Gr,3
TCAACATAGCGCCCTA-1,AON::L1_1,6
TCAACATCGACCGAGA-1,AOB::Gr,3
TCAACCATGTTCGGGC-1,MO::L2/3,2
TCAACGAGGAGACAAA-1,Cl,1
TCAACGCAGGAAATAA-1,ORB::L1,3
TCAACGCGACCGGCAG-1,FRP::L1,2
TCAACTGCAGAGTCAG-1,Pal::Sl,4
TCAAGAAATACTAGCT-1,Or,4
TCAAGCGCGGACGGTA-1,HY::LPO,5
TCAAGGTTACTACACC-1,Pal::GPi,4
TCAATACGCCGTCATG-1,En,6
TCAATCCGGGAAGTTT-1,OT::Ml,5
TCACAAACCGAGGTAC-1,Pal::Sl,5
TCACAGCAAACTCGAA-1,PIR,6
TCACAGGAGAATAAGA-1,PIR,6
TCACAGGGAATCGCAA-1,CPu,0
TCACAGGTTATTGGGC-1,MO::L5,1
TCACCCTCTTAAGATT-1,CC,0
TCACCGCTCGGCACTC-1,CC,4
TCACGATGTCCGTGGA-1,AOB::Gr,3
TCACGCATTGTAGATC-1,MO::L5,1
TCACGGTCATCGCACA-1,MO::L1,2
TCACGTGCCCGATTCA-1,CC,4
TCACTACGACCAATGC-1,SS::L2/3,2
TCACTATCCCTTCGGT-1,OT::Pl,5
TCACTCGTGCAACGGC-1,SS::L2/3,2
TCAGAACCTCCACAGG-1,LV,4
TCAGACGCTATAGAAG-1,CPu,0
TCAGCAAATGCATCTC-1,MO::L6,1
TCAGCCAATCCGTAAA-1,Pal::MA,5
TCAGCTTGAGCTTTCG-1,MOB::Gl_1,3
TCAGGGTGTAACGTAA-1,MO::L5,1
TCAGGTTCTTTGAGAA-1,MO::L2/3,2
TCAGTACTGACCCGCG-1,MO::L1,2
TCAGTAGGGACTATAA-1,ORB::L6,1
TCAGTGTATACGTCAT-1,AOE,3
TCATATGAGCTTTGTT-1,AON::L2,6
TCATCCTCAGCTGCTT-1,Pal::NDB,5
TCATCGACGACCGTCG-1,OT::Pl,5
TCATCGATGGTCCCAA-1,MOB::MI,3
TCATGCAGGTTCTCAT-1,SS::L2/3,2
TCATTTAAGTCTCCGA-1,CPu,0
TCATTTAGAAGTGTGA-1,Pal::Sl,4
TCCAACTCAGCTATCT-1,Pal::MA,5
TCCAACTTTAAATTCT-1,ORB::L5,1
TCCAAGCCTAGACACA-1,OT::PoL,5
TCCAATAAAGGCTACC-1,AON::L1_1,6
TCCACAATGGTTTACG-1,MO::L2/3,2
TCCACCAAGACATAGG-1,OT::Pl,5
TCCACCTCTAGCCTTT-1,AON::L2,6
TCCACTTTATCTAGGT-1,MO::L6,1
TCCAGAGCACCGGTTC-1,CPu,0
TCCAGATGTACGCCAA-1,Or,4
TCCAGGCGAGTACGGT-1,MO::L5,1
TCCAGGGTATATACGA-1,AcbSh,6
TCCATCAATACTAATC-1,MOB::Gl_1,3
TCCCAAACAGACAACG-1,SS::L6,1
TCCCAAAGACGAAGGA-1,MO::L5,1
TCCCACTCTCTTCCGG-1,Or,4
TCCCAGCTTTAGTCTG-1,MO::L5,1
TCCCAGGCTTAGCTAA-1,MO::L5,1
TCCCGCGTACTCCTGG-1,MO::L5,1
TCCCGGGTGTGCTGCT-1,MO::L2/3,2
TCCCGTCAGTCCCGCA-1,MO::L5,1
TCCCGTCGCGTCATAG-1,SLu,4
TCCCGTGTGCAATTTG-1,CPu,0
TCCCTAGATCAATAGG-1,SLu,4
TCCCTGGCGTATTAAC-1,MOB::Opl,3
TCCCTGGCTCGCTGGA-1,MO::L1,2
TCCCTTAGATTACTCG-1,SS::L2/3,2
TCCGAAGTAGTCACCA-1,SS::L2/3,2
TCCGAATGGTCCTGAG-1,SLu,4
TCCGATAATTGCCATA-1,MO::L1,2
TCCGATGACTGAGCTC-1,MO::L5,1
TCCGATGGTGCGACAT-1,MO::L2/3,2
TCCGATTACATTGCCG-1,MO::L2/3,2
TCCGCCTGTCTACAAG-1,AcbC,0
TCCGCGGCAGCATCTG-1,CPu,0
TCCGCGGCCCAATGAA-1,Pal::Sl,4
TCCGCTGTCATCCCGG-1,CPu,0
TCCGCTTATCCCATTA-1,Cl,0
TCCGGAGGAAGGGCTG-1,SS::L2/3,2
TCCGGCCTAGCGTACA-1,CC,4
TCCGGGCTTGACGGGA-1,Pal::MA,5
TCCGGTTCGTCCGGTC-1,PIR,6
TCCGTTAAGCTAATAT-1,Pal::GPi,4
TCCGTTTAGCCTTGAA-1,MO::L6,1
TCCTAAAGATTCAGAC-1,OT::PoL,5
TCCTAAATTGGGAAGC-1,AcbC,0
TCCTAACCGTCGGGCA-1,Io,4
TCCTACATCCACGGCC-1,CPu,0
TCCTAGCAAAGAAGCT-1,ORB::L6,1
TCCTCCTAAGACATTC-1,AOB::Ml,3
TCCTCGGGCTGGGCTT-1,CPu,0
TCCTCTACGAGATGGC-1,MO::L1,2
TCCTGCCAACTGGAGA-1,SS::L1,2
TCCTGCGTTGATACTC-1,FRP::L2/3,2
TCCTGGCGCTGCCTGG-1,SS::L1,2
TCCTTACGACGGTCCG-1,Pal::GPi,4
TCCTTCAATCCCTACG-1,MOB::Opl,3
TCCTTGTCCTTTAATT-1,OT::Pl,5
TCCTTTAAATCCGCTT-1,Pal::Sl,0
TCCTTTCTTACGCTTA-1,MO::L5,1
TCGAAATTTAGGACCA-1,MO::L2/3,2
TCGAAGAACCGAGCAC-1,St,4
TCGAATATCCCGCAGG-1,MOB::lpl,3
TCGACAACTGAACCCG-1,MOB::Opl,3
TCGAGACCAACACCGT-1,MO::L6,1
TCGAGTCTACGATTCG-1,MOB::Opl,3
TCGCAAAGATGCATTT-1,CPu,0
TCGCACCAGGAGGCAG-1,CPu,0
TCGCATAAAGGGCGCA-1,HY::LPO,5
TCGCCGAAGTTGCGTC-1,ORB::L5,2
TCGCCGACATATTCGC-1,OT::PoL,5
TCGCCGCACCGCGTGA-1,MOB::Gr,3
TCGCCGGTCGATCCGT-1,MO::L1,2
TCGCGTAGCAGTGTCC-1,Pal::Sl,4
TCGCGTCCAGAAGGTC-1,MO::L1,2
TCGCTAAACCGCTATC-1,SS::L5,1
TCGCTACTGGCTTTGA-1,AcbSh,5
TCGCTCGATATATTCC-1,MO::L5,1
TCGCTCGGCACCAGCG-1,SS::L6,1
TCGCTGCCAATGCTGT-1,OT::PoL,5
TCGCTGGGCGGATTGT-1,MO::L5,1
TCGCTTTAAACGTTTG-1,SS::L5,1
TCGGAATGCGCTCTGA-1,MO::L1,2
TCGGACGCCCAGCCCA-1,CC,4
TCGGAGAGTATCGGGA-1,AOB::Gl,3
TCGGAGTACATGAGTA-1,MO::L6,1
TCGGCGAACCCAAACC-1,TH::RT,4
TCGGCGTACTGCACAA-1,MOB::Gr,3
TCGGCTTGTATCGACG-1,Pal::Sl,4
TCGGGAACGTGCCTAG-1,Or,4
TCGGGAGACAGCGTAC-1,AcbC,0
TCGGGCCGTCGTGGTA-1,CPu,0
TCGGTCCCGACAATAG-1,MOB::Opl,3
TCGGTGACCGCTCCGG-1,SS::L2/3,2
TCGTAAGACGACATTG-1,MO::L5,1
TCGTAAGCTCCGAGGA-1,SS::L5,1
TCGTACCGACGTCAAG-1,Io,6
TCGTATTACCCATTGC-1,FRP::L1,2
TCGTCAAGTACGCGCA-1,AOE,6
TCGTCTTAGGCGTTAA-1,AcbC,0
TCGTGTACTATGGATG-1,CPu,0
TCGTGTCACGCTGACA-1,ORB::L1,3
TCGTGTTCGACCACAA-1,Pal::Sl,4
TCGTTAGGAGTCCCTA-1,PIR,6
TCGTTGCTATCCGGTC-1,AOE,6
TCGTTTACGCGACCCT-1,OT::Pl,5
TCTAAAGAACAGTCTC-1,MOB::Gr,3
TCTAACCTAGCCTGCG-1,OT::Ml,5
TCTAATACTGCCTCAG-1,MOB::Opl,3
TCTACCCAATAGAGAG-1,Pal::Sl,4
TCTACCCGCATCATTT-1,OT::Ml,5
TCTACCGTCCACAAGC-1,MO::L5,1
TCTAGCAATCTCCGCC-1,ORB::L1,2
TCTAGCATCTTCGATG-1,MO::L1,2
TCTAGCATGCCCAGAA-1,CC,0
TCTAGGTGGCGACGCT-1,CC,4
TCTAGTGATATCGTGG-1,St,4
TCTAGTTATCAGAAGA-1,MO::L5,1
TCTATAGGTGGGTAAT-1,Pal::MA,5
TCTATCGGTCGCAACA-1,MO::L2/3,2
TCTATGCTATAACGAC-1,Pal::MA,5
TCTATTACTAGAGGAT-1,MOB::MI,3
TCTCAAATCAATCGGG-1,OT::Ml,5
TCTCATGAGATAGGGT-1,CPu,0
TCTCCAACGTAGGTTA-1,MO::L2/3,2
TCTCCACAAGTTGAAT-1,Pal::Sl,0
TCTCCCTGGGCAGCGT-1,AcbC,0
TCTCGAACGAGGTCAC-1,SS::L1,2
TCTCGACGTATCGCCG-1,TH::RT,4
TCTCGAGGAGGTTCGC-1,TH::RT,4
TCTCGTGTTACGAGGA-1,MOB::Gr,3
TCTCTAATAGCTGGTA-1,MO::L1,2
TCTGAACTCGTACCCG-1,Pal::GPi,0
TCTGAAGCACGTGGTC-1,AcbC,0
TCTGAATTCCGTACAA-1,CPu,0
TCTGAGCAATTGACTG-1,TH::RT,4
TCTGATGTATTCTGTC-1,CPu,0
TCTGCATACCTTGCTT-1,Pal::MA,5
TCTGCCAGAAACTGCA-1,CPu,0
TCTGGGAACCTTTGAA-1,CPu,0
TCTGGGTAGCGCTCAT-1,ORB::L5,1
TCTGTGCCATCATAGT-1,CC,4
TCTGTTACCCAGCATA-1,ORB::L1,3
TCTTACCGGAACTCGT-1,SS::L5,1
TCTTACTTATGCCTCT-1,CPu,0
TCTTAGAGCTCCAATT-1,Fim,4
TCTTAGAGTGAACTCT-1,St,0
TCTTCCCATGGGCACA-1,CPu,0
TCTTCGAATAGACGTT-1,CPu,0
TCTTCGATACCAATAA-1,MO::L6,1
TCTTCTATAACCCGCC-1,TH::RT,4
TCTTGATGCGTAGCGA-1,MO::L6,1
TCTTGCTCCCGATACT-1,En,6
TCTTGGTAACACCAAA-1,MO::L2/3,2
TCTTTAAGACTATGAA-1,CPu,0
TCTTTAGAGTCTAACA-1,TH::RT,4
TGAAAGGACCTGACTC-1,CPu,0
TGAACTGCTATGACTT-1,MOB::Gl_2,3
TGAATACCGACGCGTA-1,OT::PoL,5
TGAATATGCTATAAAC-1,SS::L5,1
TGAATGTCAGCCGGCC-1,TH::RT,4
TGAATTTCACTTGCCT-1,MOB::MI,3
TGACACTTCTCTTTGC-1,SS::L2/3,1
TGACAGGACAAGTCCA-1,MOB::Opl,3
TGACATATATGACGAT-1,MOB::Gl_2,3
TGACATCGAGCGGACC-1,CPu,4
TGACATGTAACGTGAC-1,OT::Pl,5
TGACCAAATCTTAAAC-1,AON::L1_1,6
TGACCCACGTTAGACA-1,MO::L5,1
TGACGAATATTTCCCT-1,AOB::Gl,3
TGACGATGCACTAGAA-1,CPu,0
TGACTATAATCCTTTC-1,CPu,0
TGACTCCGAATCATAC-1,MOB::Gl_1,3
TGAGACGTACCTCTCA-1,MOB::Gl_2,3
TGAGAGATTTACCACG-1,CPu,0
TGAGATTAGGCCCTAA-1,SS::L2/3,2
TGAGCCATACAGTCTC-1,ORB::L5,1
TGAGCGGAAAGTGTTC-1,AcbC,0
TGAGCTTTAATGACGC-1,SS::L2/3,2
TGAGGAGTGCCAGCTT-1,En,6
TGAGGCATGTACTGTG-1,MOB::Opl,3
TGAGTAAATTAGCGTA-1,Cl,1
TGAGTGCCTCTTAAAT-1,ORB::L5,1
TGAGTGGTCCGTGACG-1,CC,1
TGAGTGTAACAACGGG-1,OT::Ml,5
TGAGTTAAAGACATTC-1,TH::RT,4
TGATACATTTAGCCGT-1,AON::L1_2,6
TGATCAGGGAACTGCT-1,ORB::L1,2
TGATCCCAGCATTAGT-1,CC,4
TGATCGGTTTGACCCT-1,MO::L5,1
TGATCTACGCTGATCT-1,SS::L2/3,1
TGATCTATCACACTCT-1,OT::Ml,5
TGATCTCCGGCGCCAG-1,MO::L2/3,1
TGATGGCTGTTTCTGA-1,SLu,4
TGATGTCAATTAAGTG-1,Pal::Sl,5
TGATTATGGCACGCAG-1,SS::L2/3,2
TGATTCAGGTCCCGCG-1,MOB::Gr,3
TGATTCCCGGTTACCT-1,Io,3
TGATTCGTCTATCACT-1,MO::L2/3,2
TGATTCTGTCGCCGGT-1,ORB::L5,1
TGATTTATTAGCTGTG-1,FRP::L2/3,2
TGCAACCCATCTGCGG-1,Pal::Sl,0
TGCAACTACTGGTTGA-1,OT::Pl,5
TGCAAGAATGACGTAA-1,MO::L5,1
TGCAATCTAACACGGT-1,Pal::MA,0
TGCAATTTGGGCACGG-1,SS::L2/3,2
TGCACAGTGAAGTTAT-1,SS::L1,2
TGCAGAACTATATCGT-1,ORB::L1,3
TGCAGAGTACCGAGCA-1,MO::L5,1
TGCAGATCGTCCTAGG-1,MOB::Opl,3
TGCAGCTACGTACTTC-1,MOB::Gr,3
TGCAGGATCGGCAAAG-1,MO::L5,1
TGCAGTTTCCTCCCAT-1,CPu,0
TGCATATGTCTGTCAC-1,CPu,0
TGCATGGATCGGATCT-1,MO::L2/3,2
TGCATGTGGTAATCTA-1,MO::L6,1
TGCCAAAGTCAGACTT-1,AOB::Gl,3
TGCCAATGGGTACTCT-1,PIR,6
TGCCACACTAGAGGAA-1,MOB::lpl,3
TGCCACCTGGCGAAAC-1,MO::L2/3,2
TGCCAGTACGTGGAGA-1,CPu,0
TGCCATTACTAAAGAA-1,SS::L5,1
TGCCCGATAGTTAGAA-1,OT::Ml,5
TGCCCGTACCGTTAAA-1,CPu,0
TGCCGTGGATCGTCCT-1,AcbC,0
TGCCGTGGGACCCAAT-1,OT::Ml,5
TGCCGTTCTTAATCGG-1,MOB::Gl_1,3
TGCCTAATTGAAGATT-1,Pal::Sl,4
TGCCTGATCAAACGAT-1,MO::L2/3,2
TGCCTTGGCCAGGCAA-1,CPu,0
TGCGAATATGGGATTT-1,MOB::Gr,3
TGCGACACCCTAGTGC-1,ORB::L5,1
TGCGAGAATATTACCC-1,ORB::L2/3,2
TGCGAGATGGCGGCCA-1,SS::L1,2
TGCGAGCCCTTCCGCG-1,SS::L1,2
TGCGCAAAGCATTTGG-1,MO::L6,1
TGCGCGATTAACGGAG-1,MO::L2/3,2
TGCGGACTTGACTCCG-1,OT::PoL,5
TGCGGAGTAAAGGTGC-1,MO::L2/3,2
TGCGTAAGAACCTGAT-1,ORB::L6,1
TGCGTACGGCTAATTG-1,Pal::NDB,5
TGCGTCATGACTGAGC-1,MOB::Gr,3
TGCGTTTGTTGACACT-1,CPu,0
TGCTAAGTGTCTATTT-1,AcbC,0
TGCTCCACAGTTCTTA-1,CPu,0
TGCTCGGCGAAACCCA-1,AcbC,6
TGCTCGGTGGGTCACC-1,OT::PoL,5
TGCTCTTGAGAGTTTG-1,AcbSh,5
TGCTGTTGAAGAACTC-1,CPu,0
TGCTTCCCAAGCAGTA-1,AcbSh,6
TGGAACCACTGACACA-1,SS::L6,1
TGGAAGAAGGGAACGT-1,FRP::L2/3,2
TGGAAGGATAAAGATG-1,MO::L2/3,2
TGGAATATCCTTGACC-1,SS::L6,1
TGGACCAATCTAAGAT-1,AcbSh,0
TGGACGCAATCCAGCC-1,MOB::Opl,3
TGGACTGTTCGCTCAA-1,CPu,0
TGGAGTGATGCGATGA-1,MO::L2/3,2
TGGCAAACTAAATTAC-1,CPu,0
TGGCAACTCGCGCGCC-1,SS::L5,1
TGGCAAGCACAAGTCG-1,Io,6
TGGCAATGGGACGGCG-1,Pal::Sl,4
TGGCAGATTACGATCA-1,CC,4
TGGCAGCAGTAATAGT-1,CC,4
TGGCATGAAGTTTGGG-1,MOB::Opl,3
TGGCCAAACTGAAGTA-1,MO::L6,1
TGGCCAATTTGGTACT-1,MOB::Gr,3
TGGCCGTATATTGACC-1,MO::L1,2
TGGCGACTGCTCCAAA-1,AON::L1_2,6
TGGCGATCAAGTTATG-1,PIR,6
TGGCTACACTCTACCT-1,Pal::MA,5
TGGCTATGTGACATAC-1,AcbC,0
TGGCTCTTGTCGCGTA-1,MOB::Gr,3
TGGCTTATGTATAATG-1,MOB::Gl_1,3
TGGCTTGTACAAGCTT-1,SS::L5,1
TGGGATGCACTCATTC-1,SS::L1,2
TGGGCAATAGTTGGGT-1,TH::RT,4
TGGGCCACAAGAGCGC-1,MO::L2/3,2
TGGGCCCATACTAATT-1,CPu,0
TGGGCGATACAATAAG-1,OT::Ml,5
TGGGTGCACAAGCCAT-1,OT::Pl,5
TGGGTGGGATGTCATT-1,SS::L1,2
TGGGTGTAATAGATTT-1,Pal::NDB,5
TGGTAAGCAGGATTGA-1,MOB::MI,3
TGGTAGAATATATGGG-1,Pal::GPi,4
TGGTCCCACGCTACGG-1,AcbC,0
TGGTCGTGCAAGGCAA-1,MOB::Opl,3
TGGTCTGTTGGGCGTA-1,FRP::L2/3,2
TGGTTAACTTACATTT-1,MOB::Gl_1,3
TGGTTAAGGGCGCTGG-1,Or,4
TGGTTCAACGGGTAAT-1,CPu,0
TGGTTCGTAGCAAAGG-1,MO::L2/3,2
TGGTTTAAACGTGGGT-1,CC,4
TGTACCTACACGAGGG-1,Pal::Sl,0
TGTACGAACAAATCCG-1,MO::L6,1
TGTACTTCCGGGCATG-1,Pal::NDB,5
TGTAGCCAATTCCGTT-1,OT::Pl,5
TGTAGCCATCCCATTC-1,HY::LPO,5
TGTAGGAGAAATTTCC-1,CPu,0
TGTAGTGATCTATAAT-1,MO::L2/3,2
TGTATAACAGATCCTG-1,MO::L6,1
TGTATCAGACTGAAGC-1,SS::L1,2
TGTATGGCGCAGACAG-1,CPu,0
TGTCATTTGTTGGGAA-1,SS::L6,1
TGTCCACGGCTCAACT-1,Pal::MA,5
TGTCCTAAGTCACCGC-1,MO::L2/3,2
TGTCGTTATCACATAT-1,MOB::Gl_1,3
TGTGACTACGCCAGTC-1,MO::L2/3,2
TGTGACTAGAGTTTGC-1,Pal::NDB,5
TGTGAGACTAGCCCAA-1,AcbSh,6
TGTGCCAGAGGCAAAG-1,MOB::Gl_1,3
TGTGCCGGTGCCGGAA-1,Pal::Sl,4
TGTGGCAAAGCGTATG-1,MO::L6,1
TGTGGCGGGCTTCTGG-1,AON::L2,6
TGTGTCGAAGTCGAGG-1,MOB::Opl,3
TGTGTGACCATGAATC-1,MOB::Gr,3
TGTTATTGTATGTGGC-1,CPu,0
TGTTCCGCTTCCATGA-1,MO::L5,1
TGTTCCGGCCTGAGCT-1,OT::Ml,5
TGTTCGTATTGCGGTG-1,Cl,0
TGTTCTTCCATTGACT-1,MO::L5,1
TGTTGTCAAGAAGTCT-1,MO::L5,1
TGTTTCTGAAGCGTGC-1,MOB::Gl_1,3
TGTTTGAGATCGTCAG-1,TH::RT,4
TTAAACTCGAATTCAT-1,CC,4
TTAAAGTAAGTCGCCA-1,Pal::NDB,5
TTAACCAACCCTCCCT-1,MO::L1,2
TTAACGAACAAGCAGT-1,SS::L6,1
TTAACTTCAGGTAGGA-1,AOB::Gl,3
TTAAGATAGGATTGAC-1,St,4
TTAAGCGCCTGACCCA-1,MO::L2/3,2
TTAAGGCCCGTACTTT-1,MOB::Opl,3
TTAAGTATTGTTATCC-1,Pal::MA,5
TTAATCAGTACGTCAG-1,MO::L2/3,2
TTAATGTAGACCAGGT-1,MO::L6,1
TTAATTGCTTTGGGTG-1,AcbSh,0
TTAATTTCAGACGCGG-1,MO::L1,2
TTACAACTACGCATCC-1,MO::L2/3,2
TTACACGATCTGCGAC-1,HY::LPO,5
TTACAGACCTAAATGA-1,SS::L6,1
TTACATGCCACAACTA-1,St,4
TTACCATTGATTACCC-1,MO::L2/3,2
TTACCCATTGCCGGGT-1,SS::L2/3,2
TTACCCTAGGGATTGG-1,En,6
TTACGGATGGTTCGAG-1,CPu,0
TTACTAAAGGACTTTA-1,CPu,0
TTACTCCGGCCGGGAA-1,CPu,0
TTACTCTGGTACGTAC-1,ORB::L2/3,2
TTACTGGGATATTTCA-1,Cl,1
TTACTGTCTAGAGCTC-1,SS::L5,1
TTAGAAGAACATGACT-1,Cl,0
TTAGAATAAGGGTCGG-1,Io,4
TTAGACACGATCGTTG-1,SS::L2/3,2
TTAGACGAGTCACCTC-1,CPu,0
TTAGAGGGATATACAG-1,MOB::Gr,3
TTAGAGTTTAGAAGGA-1,CPu,0
TTAGCTAATACGATCT-1,SS::L5,1
TTAGCTGATTTGCCGT-1,CPu,0
TTAGTAAACCTGCTCT-1,Pal::MA,5
TTAGTAGGGCGGCGGG-1,MO::L1,2
TTAGTTATTCGTGGCA-1,CPu,0
TTAGTTCAAGTGTTCG-1,SS::L6,1
TTATAGGTAATTGTCT-1,AcbSh,0
TTATATACGCTGTCAC-1,CPu,0
TTATATTTGGCAATCC-1,MO::L5,1
TTATCCGGGATCTATA-1,CPu,0
TTATCCTCAAGGAATA-1,MOB::Gr,3
TTATCTGACATTAGGA-1,MOB::Gr,3
TTATCTGTATCATAAC-1,MO::L2/3,2
TTATGAATGAAAGGGA-1,CPu,0
TTATGACAAACTGGAT-1,MO::L1,2
TTATGATCTTAACGAA-1,CPu,0
TTATTAGAGCGTGTTC-1,CPu,0
TTCAAAGTCTCTAGCC-1,CPu,0
TTCAATACTCTGAATC-1,CPu,0
TTCACGAAAGGATCAC-1,MO::L6,1
TTCACTCGAGCACCTA-1,AcbC,0
TTCAGCCCTGGTCCAC-1,CPu,0
TTCAGCTGGCGTGCCC-1,Pal::Sl,4
TTCAGGCGTCAAAGCC-1,MOB::Opl,3
TTCATGGCGCAACAGG-1,MO::L2/3,2
TTCCAATCAGAGCTAG-1,SS::L5,1
TTCCAATCTGGCTATC-1,ORB::L5,2
TTCCACACAGATTTGA-1,ORB::L2/3,2
TTCCAGACGAGATTTA-1,Fim,4
TTCCATCATGCGGTGA-1,SS::L2/3,2
TTCCATCGACAGCGTG-1,HY::LPO,5
TTCCCGGCGCCAATAG-1,MOB::Gr,3
TTCCGCAGAGAAATAT-1,SS::L5,1
TTCCGCGTGAGGCGAT-1,CPu,0
TTCCGGCCTTGAGGCT-1,AOE,6
TTCCGGCTCGACTTCT-1,SS::L1,2
TTCCGGTTACCCACTT-1,CPu,0
TTCCTCGAGGGTGTCT-1,MO::L1,2
TTCCTCGGACTAACCA-1,CPu,0
TTCGACAGAGCCCGTG-1,AcbC,0
TTCGACGGGAAGGGCG-1,MO::L2/3,2
TTCGCACTCGCGTGCT-1,MO::L2/3,2
TTCGCACTGTACGACA-1,En,6
TTCGCCGCTCGCGCTA-1,MOB::Opl,3
TTCGCGCGCCATACGA-1,AON::L1_1,6
TTCGCTATCTGACGTG-1,SS::L5,1
TTCGGCAACCCGCTGA-1,SS::L2/3,2
TTCGGGACTAATCGCG-1,CPu,0
TTCGGGCGCTAGTCTT-1,AOE,6
TTCGGTACTGTAGAGG-1,AON::L1_1,6
TTCGTACTCCAGAACG-1,MO::L1,2
TTCGTTCAACGAAGTT-1,SS::L6,1
TTCTAACCGAAGCTTA-1,CPu,0
TTCTAGAAAGTCTTAT-1,AON::L1_1,6
TTCTAGGCCAATTGTG-1,MO::L1,2
TTCTATTAAACGCAGC-1,Io,3
TTCTCTTACAGGTGAT-1,MOB::Gl_1,3
TTCTGACCGGGCTCAA-1,CPu,0
TTCTGCCGCGCCTAGA-1,CPu,0
TTCTGCGGGTTAGCGG-1,CPu,0
TTCTGCTAGACTCCAA-1,CC,4
TTCTTATCCGCTGGGT-1,Pal::GPi,4
TTCTTGAGCCGCGCTA-1,ORB::L5,1
TTCTTGCTAGCATCTC-1,Fim,4
TTCTTGGACGATCTGC-1,Ft,3
TTCTTGGAGTAATGAG-1,MO::L5,1
TTCTTTGGTCGCGACG-1,SS::L6,1
TTGAAAGGTGTAAAGG-1,SS::L2/3,2
TTGAACGACGTGCTGA-1,Pal::Sl,0
TTGAAGAATTCCCAGG-1,MO::L5,1
TTGAAGGATGGGCGCC-1,MOB::Gl_1,3
TTGAATATGGACTTTC-1,CPu,0
TTGAATCGTTGTATAA-1,MOB::Gr,3
TTGAATTCACGTGAGG-1,CPu,0
TTGACAGGAGCTCCCG-1,Pal::GPi,4
TTGACATGAACGTGGA-1,ORB::L2/3,2
TTGACCAGGAACAACT-1,AcbSh,0
TTGACCATGTTCTCCG-1,MO::L5,1
TTGACCGTGTTAATGA-1,ORB::L1,3
TTGACGCTCCATGAGC-1,St,4
TTGACTACCATATGGT-1,ORB::L5,1
TTGACTATTGTCCGGC-1,Pal::GPi,4
TTGAGAAGTTTAGCAT-1,AcbC,0
TTGAGAGTACTGCTAA-1,ORB::L5,1
TTGATAGTCAATACAT-1,SLu,4
TTGATCTAACTTTGTC-1,MO::L2/3,1
TTGATGTGTAGTCCCG-1,SS::L5,1
TTGATTAGCTGTTTCT-1,ORB::L2/3,2
TTGATTATGCAGATGA-1,MO::L1,2
TTGCACAATTCAGAAA-1,CC,4
TTGCACGGAGCAGCAC-1,MO::L2/3,2
TTGCATGCTGATCACG-1,ORB::L5,2
TTGCCAAGCAGAACCC-1,TH::RT,4
TTGCCATAGCCCGCTC-1,MOB::Gr,3
TTGCCCTGATCACGGG-1,MO::L2/3,2
TTGCCGCAGACCTACA-1,MOB::Gl_1,3
TTGCCGCTTTCTAGTA-1,AcbSh,0
TTGCCGGTGATCCCTC-1,SS::L1,2
TTGCCTTCTCGCCGGG-1,Pal::NDB,5
TTGCGCTTGATCAATA-1,Pal::NDB,5
TTGCGGCATCAGAAAG-1,AOE,6
TTGCGTCGGCCAACCG-1,ORB::L1,6
TTGCGTGAACGCTTAG-1,SS::L2/3,2
TTGCGTGTGTAGGCAT-1,OT::Pl,5
TTGCTCATAGTACGTG-1,Pal::NDB,5
TTGCTCCCATACCGGA-1,MO::L5,1
TTGCTGAAGGAACCAC-1,MO::L1,2
TTGCTGATCATGTTCG-1,MO::L5,1
TTGGAAGAATACAGTC-1,AOB::Gr,3
TTGGACATGTGGCTTA-1,FRP::L2/3,2
TTGGACCATCTGGCAA-1,TH::RT,4
TTGGACCTATAACAGT-1,AcbC,0
TTGGATATCGTCTACG-1,PIR,1
TTGGCCTAGAATTTCG-1,SS::L2/3,2
TTGGCTCAATATGTGT-1,Pal::NDB,5
TTGGGACACTGCCCGC-1,MO::L5,1
TTGGGACGTAAGAGTT-1,TH::RT,4
TTGGGCGGCGGTTGCC-1,MO::L6,1
TTGGTCACACTCGTAA-1,ORB::L5,1
TTGGTTGCGGTGCGCG-1,MOB::Gr,3
TTGTAAGGACCTAAGT-1,ORB::L2/3,2
TTGTAAGGCCAGTTGG-1,MO::L5,1
TTGTAATCCGTACTCG-1,MO::L5,1
TTGTACACCTCGAACA-1,MOB::Gr,3
TTGTCACCGCGGTATC-1,MOB::lpl,3
TTGTCGTTCAGTTACC-1,MO::L2/3,2
TTGTGAACCTAATCCG-1,Pal::Sl,0
TTGTGAGGCATGACGC-1,MOB::Gr,3
TTGTGATCTGTTCAGT-1,Pal::NDB,5
TTGTGCAGCCACGTCA-1,AcbC,0
TTGTGCGGAAGCGGAT-1,MOB::Gl_1,3
TTGTGGCCCTGACAGT-1,MO::L1,2
TTGTGGTAGGAGGGAT-1,Ft,3
TTGTGGTGGTACTAAG-1,Pal::MA,5
TTGTGTATGCCACCAA-1,AcbC,6
TTGTGTTTCCCGAAAG-1,PIR,1
TTGTTCAGTGTGCTAC-1,MO::L5,1
TTGTTGTGTGTCAAGA-1,MO::L6,1
TTGTTTCACATCCAGG-1,AON::L1_1,6
TTGTTTCCATACAACT-1,ORB::L1,2
